question_id,reasoning_type,solver_answer,solver_value,solver_full_row,solver_row_position_ratio,solver_entity_physical_cell_count,solver_seen_before,solver_is_bold,expected_answer,expected_value,expected_full_row,expected_row_position_ratio,expected_entity_physical_cell_count,expected_is_bold,extreme_gap,extreme_gap_ratio,num_logical_rows
B-train-00003-q10,argmin,Miền Bắc,950.0,"Miền Bắc | 950 | 1.810 | 860 | 190,5%",1.0,2,True,False,Miền Trung,1720.0,"Miền Trung | 1.720 | 2.200 | 480 | 127,9%",0.2,1,False,770.0,0.4476744186046512,6
B-train-00015-q01,argmin,Hà Nội 01,930.0,"Hà Nội 01 | 930 | 8.970 | 30 | 4,5%",0.8333333333333334,2,True,False,Cần Thơ 02,2720.0,"Cần Thơ 02 | 2.720 | 5.760 | 80 | 17,9%",0.6666666666666666,1,True,1790.0,0.6580882352941176,7
B-train-00019-q05,argmin,Nội tổng hợp,117.0,Nội tổng hợp | 117 | 21 | 10 | 63 phút,0.0,2,False,False,Nhi,122.0,Nhi | 122 | 14 | 11 | 46 phút,0.3333333333333333,1,True,5.0,0.040983606557377046,7
B-train-00019-q08,argmax,Nội tổng hợp,464.0,Nội tổng hợp | 464 | 57 | 4 | 65 phút,1.0,2,True,False,Ngoại,305.0,Ngoại | 305 | 52 | 10 | 48 phút,0.16666666666666666,1,False,159.0,0.521311475409836,7
B-train-00032-q04,argmax,Vịnh Hạ Long,20396.0,"Vịnh Hạ Long | 20.396 | 2.579 | 68.925 | 74,2%",0.8333333333333334,2,True,False,Đà Lạt,14936.0,"Đà Lạt | 14.936 | 422 | 30.716 | 70,6%",0.3333333333333333,1,False,5460.0,0.36555972147830745,7
B-train-00047-q03,argmin,Trạm 220kV Trung,3743.0,"Trạm 220kV Trung | 3.743 | 3,7% | 417 | 0",0.16666666666666666,2,False,False,Trạm Cao Nguyên,3748.0,"Trạm Cao Nguyên | 3.748 | 8,4% | 949 | 7",0.6666666666666666,1,False,5.0,0.0013340448239060833,7
B-train-00049-q08,argmax,Ngoại,479.0,Ngoại | 479 | 37 | 2 | 58 phút,1.0,2,True,False,Nhi,475.0,Nhi | 475 | 10 | 11 | 18 phút,0.2857142857142857,1,False,4.0,0.008421052631578947,8
B-train-00078-q01,argmax,Kho Hà Nội,6134.0,"Kho Hà Nội | 6134 | 94,0% | 237 | 263.762",0.8333333333333334,2,True,False,Kho Bình Dương,5086.0,"Kho Bình Dương | 5086 | 85,4% | 230 | 101.720",0.3333333333333333,1,False,1048.0,0.2060558395595753,7
B-train-00082-q07,argmin,Hà Nội 01,1270.0,"Hà Nội 01 | 1.270 | 9.540 | 90 | 15,0%",0.8333333333333334,2,True,False,Cần Thơ 02,3100.0,"Cần Thơ 02 | 3.100 | 5.810 | 20 | -1,4%",0.6666666666666666,1,False,1830.0,0.5903225806451613,7
B-train-00096-q09,argmax,Hà Nội 01,8010.0,"Hà Nội 01 | 8.010 | 5.890 | 600 | 13,3%",0.0,2,False,False,Khánh Hòa 03,7320.0,"Khánh Hòa 03 | 7.320 | 5.220 | 60 | 12,6%",0.6,1,False,690.0,0.0942622950819672,6
B-train-00101-q08,argmax,Tây Nguyên,4580.0,"Tây Nguyên | 4.580 | 4.210 | -370 | 91,9% | 12,4% | HS3038 | 8.151 | Cần rà soát",0.375,2,False,False,Miền Trung,3840.0,"Miền Trung | 3.840 | 4.000 | 160 | 104,2% | 12,0% | HS8815 | 5.042 Đã đối chiếu | Cần rà soát",0.75,1,False,740.0,0.19270833333333334,9
B-train-00105-q04,argmin,Miền Bắc Đã đối chiếu,84.5,"Miền Bắc Đã đối chiếu | 3.540 | 2.990 | -550 | 84,5% | lượt | 11,1%",0.0,1,False,False,Tây Nguyên,87.9,"Tây Nguyên | 2.650 | 2.330 | -320 | 87,9% | 8,1%",0.3,2,False,3.4000000000000057,0.03868031854379984,11
B-train-00105-q10,argmin,Miền Bắc Đã đối chiếu,-550.0,"Miền Bắc Đã đối chiếu | 3.540 | 2.990 | -550 | 84,5% | lượt | 11,1%",0.0,1,False,False,Tây Nguyên,-320.0,"Tây Nguyên | 2.650 | 2.330 | -320 | 87,9% | 8,1%",0.3,2,False,230.0,0.71875,11
B-train-00106-q05,argmin,Trạm Nam Sông,1.5,"Trạm Nam Sông | 4.663 Đã đối chiếu | 5,2% | 321 | 4 | 3.441 | C | 27/03/2026 | 1,5%",0.6363636363636364,2,True,False,Trạm 110kV Bắc,7.8,"Trạm 110kV Bắc | 15.606 | 2,8% | 617 | 5 | 4.405 | B | 10/01/2026 | 7,8%",0.45454545454545453,2,False,6.3,0.8076923076923077,12
B-train-00120-q02,argmin,Hải Phòng,50218.0,"732 | 50.218 | 7,5% | Điều chỉnh kỳ sau | 8.128 | HS2369 | lượt",1.0,1,True,False,Cửa hàng 02,221336.0,"Cửa hàng 02 | 1030 | 292 | 221.336 | 7,2% | Điều chỉnh kỳ sau | 384 | HS5556 | triệu đồng",0.8461538461538461,3,False,171118.0,0.7731141793472368,14
B-train-00123-q09,argmin,Hải Phòng,472.0,Thanh long | 249 | 747 | Theo dõi sâu bệnh | A | 472 | hồ sơ,0.18181818181818182,2,True,False,Hà Nội,1481.0,Hà Nội | Cà phê | 42 | 294 | Theo dõi sâu bệnh | B | 1.481 | hồ sơ,0.6363636363636364,2,False,1009.0,0.6812964213369345,12
B-train-00124-q01,argmax,Hải Phòng,934.0,"4522 | 81,6% | 934 | 149.226 | hồ sơ | C",0.6363636363636364,1,True,False,Kho Hà Nội,921.0,"Kho Hà Nội | 3799 | 97,3% | 921 | 212.744 | lượt | A",0.45454545454545453,3,True,13.0,0.014115092290988056,12
B-train-00124-q08,argmin,Miền Bắc,4449.0,"990 | 5.560 | 50 | 10,9% | 4.449 | 192",0.8571428571428571,1,True,False,Cần Thơ 02,4964.0,"Cần Thơ 02 | 2.070 | 6.730 | 30 | -0,7% | 4.964 | 2.637",0.5714285714285714,1,False,515.0,0.10374697824335213,8
B-train-00127-q02,argmax,Miền Trung,2330.0,Công ty Đông Á | 2.330 | 2.240 | Chờ nghiệm thu | HS5597 | 2.965 | 5.986 | 2.701,0.08333333333333333,1,True,False,GT95,2320.0,GT95 | Công ty Minh An | 2.320 | 2.210 | Chờ nghiệm thu | HS4542 | 8.175 | 5.460 | 540,0.4166666666666667,1,False,10.0,0.004310344827586207,13
B-train-00131-q02,argmin,Đường vành đai,6770.0,"Đường vành đai | 6.770 | 3.008 | 44,4% | Không | C | 707 | hồ sơ | 21,8%",0.09090909090909091,3,False,False,Trường liên cấp,10030.0,"Trường liên cấp | 10.030 | 86,6% | Không | B | 5.361 | tấn | 11,2%",0.6363636363636364,1,True,3260.0,0.325024925224327,12
B-train-00132-q06,argmin,Kho Hà Nội Đã đối chiếu,78.9,"Kho Hà Nội Đã đối chiếu | 3507 | 78,9% | 211 | 112.224 | 5.022 | Đã đối chiếu | 5.027 | B",0.0,1,False,False,Kho Bình Dương,80.0,"Kho Bình Dương | 2189 | 80,0% | 949 | 80.993 | 1.597 | Đã đối chiếu | 2.382 | A",0.5384615384615384,3,True,1.0999999999999943,0.013749999999999929,14
B-train-00138-q08,argmin,Cần Thơ 02,860.0,"Cần Thơ 02 | 860 | 7.910 | 40 | -0,6% | 08/05/2026 | 13,6%",0.4444444444444444,2,False,False,Đà Nẵng 01,1080.0,"Đà Nẵng 01 | 1.080 | 6.840 | 0 | 5,1% | 34,4%",0.2222222222222222,1,False,220.0,0.2037037037037037,10
B-train-00142-q01,argmin,Đồng bằng sông Cửu Long,233.0,"827 | 7.443 | 1.414 | 19,0% | 9.328 | HS3480 | 32,2% | 233",0.2,1,True,False,Sức khỏe,1139.0,"Sức khỏe | 561 | 8.415 | 5.836 | 69,4% | 1.350 | HS1259 | 18,9% | 1.139",1.0,3,False,906.0,0.7954345917471466,11
B-train-00142-q03,argmax,Đồng bằng sông Cửu Long,9328.0,"827 | 7.443 | 1.414 | 19,0% | 9.328 | HS3480 | 32,2% | 233",0.2,1,True,False,Sức khỏe,5589.0,"Sức khỏe | 78 | 702 | 411 | 58,5% | 5.589 | HS5446 | 36,6% | 4.998",0.0,3,False,3739.0,0.6689926641617463,11
B-train-00142-q05,argmin,Miền Nam,58.7,"Miền Nam | 1.380 Đã đối chiếu | 810 | -570 | 58,7% | 6.317 | 8,1%",0.7,2,True,True,Miền Bắc,88.8,"Miền Bắc | 3.210 | 2.850 | -360 | 88,8% | 7.657 | 11,9%",0.0,2,False,30.099999999999994,0.3389639639639639,11
B-train-00143-q03,argmin,Cần Thơ,10.3,"1335 | 628.785 | 2,9% | 7.059 | 10,3% | 6.559 | Chưa đủ chứng từ",0.7,1,True,False,Cửa hàng 01,15.1,"Cửa hàng 01 | 3156 | 1855 | 695.625 | 4,2% | 7.028 | 15,1% | 3.576 | Đã đối chiếu",1.0,3,False,4.799999999999999,0.3178807947019867,11
B-train-00149-q05,argmin,Cụm BTS-01,8763.0,"Cụm BTS-01 | 8.763 | 2,6% | 1 | 11/11/2026 | Đã đối chiếu",0.0,3,False,True,Cụm BTS-02,17297.0,"Cụm BTS-02 | 19.107 | 17.297 | 1,3% | 30 | 01/06/2026 | Điều chỉnh kỳ sau",0.06666666666666667,3,False,8534.0,0.4933803549748511,16
B-train-00158-q08,argmax,Miền Nam,7.1,"3484 | 1374 | 655.398 | 7,1% | 15/01/2026 | HS1275",0.08333333333333333,1,True,False,Điểm bán phía Bắc,6.8,"Điểm bán phía Bắc | 5275 | 2063 | 548.758 | 6,8% | 21/01/2026 | HS3221",0.25,2,False,0.2999999999999998,0.044117647058823505,13
B-train-00160-q06,argmax,Cần Thơ,10270.0,"3.780 | 10.270 | 100 | 15,8% | Đã đối chiếu | 06/03/2026 | 2.482",0.125,1,True,False,Hải Phòng 02,10000.0,"Hải Phòng 02 | 6.750 | 10.000 | 410 | -1,7% | Đã đối chiếu | 27/02/2026 | 4.726",0.375,3,False,270.0,0.027,17
B-train-00166-q04,argmax,Hành chính,9409.0,Hành chính | 38 | 0 | +3 | Cần rà soát | 9.409,0.4,2,False,False,Công nghệ,8928.0,Công nghệ | 13 | 9 | 4 | -4 | A | 8.928,0.3,2,False,481.0,0.053875448028673834,11
B-train-00166-q06,argmin,Đồng bằng sông Cửu Long,-8.0,30 | 22 | 8 | -8 | C | 6.667,0.6,1,True,False,Kế toán,-7.0,Kế toán | 38 | 31 | -7 | B | 7.385,0.1,2,False,1.0,0.14285714285714285,11
B-train-00167-q05,argmax,Miền Nam,2110.0,Công ty Việt Phát | 2.270 | 2.110 | Đang thực hiện | Cần rà soát | 13/11/2026 | Chưa đủ chứng từ | 6.303,0.9285714285714286,1,True,False,GT07,2080.0,GT07 | Công ty Nam Việt | 2.080 | 2.080 | Chờ nghiệm thu | B | 03/06/2026 | Đã đối chiếu | 9.825,1.0,1,False,30.0,0.014423076923076924,15
B-train-00167-q09,argmax,Miền Nam,2270.0,Công ty Việt Phát | 2.270 | 2.110 | Đang thực hiện | Cần rà soát | 13/11/2026 | Chưa đủ chứng từ | 6.303,0.9285714285714286,1,True,False,GT07,2080.0,GT07 | Công ty Nam Việt | 2.080 | 2.080 | Chờ nghiệm thu | B | 03/06/2026 | Đã đối chiếu | 9.825,1.0,1,False,190.0,0.09134615384615384,15
B-train-00168-q01,argmax,Miền Bắc,119.0,"Miền Bắc | 1.740 Đã đối chiếu | 2.070 | 330 | 119,0% | 1.647 | 240 | 5.768 | tấn",0.0,4,False,False,Miền Nam,115.3,"Miền Nam | 3.270 | 3.770 | 500 | 115,3% | 142 | 4.457 | 6.138 | hồ sơ",0.4666666666666667,2,False,3.700000000000003,0.032090199479618414,16
B-train-00169-q08,argmin,Tây Nguyên,65.3,"950 | 620 | -330 | 65,3% | 7.965 | HS3962 | triệu đồng | Cần rà soát",0.45454545454545453,3,True,False,Miền Trung,73.9,"Miền Trung | 1.800 | 1.330 | -470 | 73,9% | 7.480 | HS7304 | lượt | C",0.09090909090909091,3,False,8.600000000000009,0.11637347767253055,12
B-train-00172-q10,argmin,Lâm Đồng,2218.0,"4505 | 3368 | 2.724.712 | 2,5% | 2.218 | HS9018",0.5454545454545454,1,True,True,Cửa hàng 01,3413.0,"Cửa hàng 01 | 2893 | 1492 | 438.648 | 3,1% Đã đối chiếu | 3.413 | HS0272",0.9090909090909091,1,False,1195.0,0.3501318488133607,12
B-train-00173-q08,argmax,Cụm BTS-01,53935.0,"Cụm BTS-01 | 53.935 | 46.088 | 0,5% | 55 | 8.910 | C | triệu đồng",0.0,2,False,False,Khu vực ven biển,53137.0,"Khu vực ven biển | 53.137 | 36.316 | 2,4% | 15 | 7.490 | B | triệu đồng",1.0,1,False,798.0,0.015017784218153077,8
B-train-00179-q08,argmax,Hà Nội,8599.0,"5.887 | 3.686 | 76.584 | 81,5% | HS7078 | 8.599 | C | 7.903",0.2727272727272727,1,True,False,Vịnh Hạ Long,7885.0,"Vịnh Hạ Long | 16.533 | 773 | 138.448 | 64,2% | HS4369 | 7.885 | Cần rà soát | 8.197",0.45454545454545453,3,False,714.0,0.09055168040583386,12
B-train-00181-q08,argmax,Miền Nam,1683135.0,"4349 | 2979 | 1.683.135 | 3,3% | triệu đồng | 5.146",0.5454545454545454,1,True,False,Điểm bán phía Bắc,1573650.0,"Điểm bán phía Bắc | 2964 | 1950 | 1.573.650 | 1,4% | hồ sơ | 44",0.2727272727272727,2,False,109485.0,0.06957392050328853,12
B-train-00188-q05,argmin,Miền Trung,1010.0,"6.490 | 1.010 | 290 | 5,7% | 1.077 | Cần rà soát | 4.845",0.29411764705882354,1,True,False,Đà Nẵng 01,1040.0,"Đà Nẵng 01 | 5.170 | 1.040 | 330 | 12,4% | 6.144 | C | 6.590",0.7058823529411765,4,True,30.0,0.028846153846153848,18
B-train-00191-q02,argmax,Đồng Nai,8.4,"7.213 | 8,4% | 811 | 7 | HS3333 | 1.641 | A | 3.153",0.8181818181818182,1,True,False,Trạm 220kV Trung,8.3,"Trạm 220kV Trung | 3.564 | 8,3% | 741 | 5 | HS8790 | 4.803 | C | 646",0.5454545454545454,2,False,0.09999999999999964,0.012048192771084293,12
B-train-00196-q10,argmax,Hải Phòng,8082.0,"Hải Phòng | Cà phê Đã đối chiếu | 898 | 8.082 | Ổn định | 4.058 | 20,5%",0.125,2,False,False,Miền Nam,6200.0,"Miền Nam | Hồ tiêu | 775 | 6.200 | Tăng nhẹ | 1.260 | 23,7%",0.375,1,False,1882.0,0.3035483870967742,9
B-train-00197-q03,argmax,Cửa hàng 01,3236.0,"Cửa hàng 01 | 5195 Đã đối chiếu | 3236 | 2.511.136 | 1,0% | 8.305 | 6.146 | Cần rà soát",0.2727272727272727,2,False,False,Điểm bán phía Bắc,2631.0,"Điểm bán phía Bắc | 4233 | 2631 | 1.978.512 | 4,5% | 3.625 | 6.594 | B",0.09090909090909091,3,False,605.0,0.2299505891296085,12
B-train-00201-q04,argmax,Tây Nguyên,74.0,"36.631 | 25.409 | 1,4% | 74 | Chưa đủ chứng từ | A | tấn | 10/03/2026",0.375,1,True,True,Cụm BTS-02,72.0,"Cụm BTS-02 | 14.071 | 91.756 | 0,2% | 72 | Đã đối chiếu | B Đã đối chiếu | hồ sơ | 12/09/2026",0.75,2,False,2.0,0.027777777777777776,9
B-train-00201-q06,argmin,Cụm BTS-02 Đã đối chiếu,164.0,"Cụm BTS-02 Đã đối chiếu | 10.560 | 85.458 | 0,2% | 0 | C | 589 | 20,8% | 164",0.8571428571428571,1,False,False,Khu vực ven biển,1334.0,"Khu vực ven biển | 34.924 | 4.735 | 1,1% | 88 | A | 4.815 | 12,2% | 1.334",1.0,1,False,1170.0,0.8770614692653673,8
B-train-00202-q01,argmin,Trường liên cấp Đã đối chiếu,12.4,"Trường liên cấp Đã đối chiếu | 2.190 | 271 | 12,4% | Không | HS5418 | tấn",0.7,1,False,False,Khu tái định cư,16.6,"Khu tái định cư | 3.340 | 555 | 16,6% | Không | HS6787 | kWh",0.9,2,False,4.200000000000001,0.2530120481927711,11
B-train-00202-q09,argmin,Trường liên cấp Đã đối chiếu,271.0,"Trường liên cấp Đã đối chiếu | 2.190 | 271 | 12,4% | Không | HS5418 | tấn",0.7,1,False,False,Khu tái định cư,555.0,"Khu tái định cư | 3.340 | 555 | 16,6% | Không | HS6787 | kWh",0.9,2,False,284.0,0.5117117117117117,11
B-train-00203-q02,argmax,Lâm Đồng,5495.0,"Cà phê | 785 | 5.495 | Tăng nhẹ | 294 | 20,0%",0.06666666666666667,2,True,False,Hà Nội,4616.0,"Hà Nội | Cà phê | 577 | 4.616 | Theo dõi sâu bệnh | 8.221 | 4,2%",0.4666666666666667,2,False,879.0,0.19042461005199307,16
B-train-00203-q08,argmax,Lâm Đồng,785.0,"Cà phê | 785 | 5.495 | Tăng nhẹ | 294 | 20,0%",0.06666666666666667,2,True,False,Đà Nẵng,756.0,"Đà Nẵng | Thanh long | 756 | 2.268 | Ổn định | 7.663 | 34,5%",0.13333333333333333,2,False,29.0,0.03835978835978836,16
B-train-00203-q09,argmin,Lâm Đồng,294.0,"Cà phê | 785 | 5.495 | Tăng nhẹ | 294 | 20,0%",0.06666666666666667,2,True,False,Hải Phòng,1693.0,"Hải Phòng | Hồ tiêu | 558 | 3.348 | Tăng nhẹ | 1.693 | 8,9%",1.0,2,False,1399.0,0.826343768458358,16
B-train-00205-q03,argmax,Tây Nguyên,99.0,Máy chiếu | Hộp | 111 | 99 | 97 | 113,0.4666666666666667,1,True,False,VT573,95.0,VT573 | Máy quét tài liệu | Hộp | 99 | 95 | 105 | 89,0.13333333333333333,1,False,4.0,0.042105263157894736,16
B-train-00209-q03,argmin,Đồng bằng sông Cửu Long,966.0,"966 | 89,6% | 583 | 61.824 | 5,6% | hồ sơ | 1.886 | 2.731",0.8,1,True,True,Kho Cần Thơ,1697.0,"Kho Cần Thơ | 1697 | 89,7% | 651 | 67.880 | 31,9% | triệu đồng | 4.650 Đã đối chiếu | 2.174",0.3,1,False,731.0,0.4307601649970536,11
B-train-00210-q05,argmin,Đà Nẵng,0.1,"5538 | 2388 | 893.112 | 0,1% | 07/10/2026 | C",0.5555555555555556,1,True,False,Cửa hàng 01,0.6,"Cửa hàng 01 | 702 | 212.004 | 0,6% | 15/02/2026 | A",0.0,1,False,0.5,0.8333333333333334,10
B-train-00210-q06,argmin,Điểm bán phía Bắc,117845.0,"Điểm bán phía Bắc | 1538 Đã đối chiếu | 637 | 117.845 | 2,7% | 23/01/2026 | A",0.8888888888888888,2,True,False,Cửa hàng 01,212004.0,"Cửa hàng 01 | 702 | 212.004 | 0,6% | 15/02/2026 | A",0.0,1,False,94159.0,0.44413784645572724,10
B-train-00216-q07,argmin,Hà Nội,1.0,Bộ | 98 | 1 | 91 | 8,1.0,1,True,False,VT008,22.0,VT008 | Ổ cứng di động | Ram | 171 | 22 | 79 | 114 Đã đối chiếu,0.7142857142857143,1,False,21.0,0.9545454545454546,8
B-train-00226-q02,argmin,Hải Phòng,313.0,"1399 | 313 | 266.989 | 4,1% | Chưa đủ chứng từ | 31,2% | 943",0.2727272727272727,1,True,True,Cửa hàng 02,371.0,"Cửa hàng 02 | 1732 | 371 | 310.156 | 1,5% | Đã đối chiếu | 20,3% | 8.065",0.5454545454545454,3,False,58.0,0.15633423180592992,12
B-train-00238-q04,argmin,Cần Thơ,6406.0,"50.566 | 6.406 | 2,2% | Chưa đủ chứng từ | kWh | 14,7% | 6.687",0.6363636363636364,1,True,False,Cụm BTS-02,12194.0,"Cụm BTS-02 | 17.287 | 12.194 | 0,9% | 2 | Điều chỉnh kỳ sau | tấn | 5,5% | 7.744",0.09090909090909091,2,False,5788.0,0.4746596686895194,12
B-train-00242-q08,argmax,Miền Nam,4960.0,"Miền Nam | 4.960 | 4.940 | -20 | 99,6% | triệu đồng | 7.334 | 3.651",0.2857142857142857,2,False,False,Đồng Nai,4530.0,"Đồng Nai | 4.530 | 4.710 | 180 | 104,0% | tấn | 8.417 | 574",0.7142857142857143,1,False,430.0,0.09492273730684327,8
B-train-00243-q02,argmin,Đồng Nai,36840.0,"3.714 | 5.496 | 36.840 | 64,9% | HS3530 | 12,2%",0.18181818181818182,1,True,False,Phú Quốc,43818.0,"Phú Quốc | 19.414 | 2.495 | 43.818 | 68,2% | HS4510 | 38,0%",0.8181818181818182,2,False,6978.0,0.1592496234424209,12
B-train-00253-q07,argmin,Đồng Nai,351.0,"6.418 | 7,6% | 888 | 3 | 351 | 08/02/2026",0.8571428571428571,1,True,False,Trạm Nam Sông,687.0,"Trạm Nam Sông | 15.842 | 6,6% | 174 | 5 | 687 | 6.808",0.2857142857142857,2,False,336.0,0.4890829694323144,8
B-train-00256-q08,argmin,Đồng Nai,-5.0,41 | 36 | 5 | -5 | Đã đối chiếu | 25/02/2026 | 8.801 | C,0.14285714285714285,1,True,False,Công nghệ,-4.0,Công nghệ | 36 | 32 | 4 | -4 | Chưa đủ chứng từ | 26/09/2026 | 801 | A,0.42857142857142855,1,False,1.0,0.25,8
B-train-00262-q05,argmin,Miền Nam,405.0,"Miền Nam | 3.810 | -90 | 97,7% | 26/12/2026 | 405 | A | 25,6%",0.8571428571428571,2,True,False,Tây Nguyên,449.0,"Tây Nguyên | 3.350 | 4.180 | 830 | 124,8% | 449 | C | 6,4%",0.21428571428571427,3,False,44.0,0.09799554565701558,15
B-train-00263-q02,argmax,Miền Bắc,9687.0,"Rau màu | 99 | 792 | Ổn định | 1.259 | 32,1% | 6.072 | 9.687",0.45454545454545453,1,True,False,Hà Nội,9501.0,"Hà Nội | Cà phê | 856 | 4.280 | Đạt kế hoạch | 6.867 | 13,6% | 9.826 | 9.501",0.6363636363636364,2,False,186.0,0.019576886643511208,12
B-train-00263-q10,argmin,Miền Bắc,1259.0,"Rau màu | 99 | 792 | Ổn định | 1.259 | 32,1% | 6.072 | 9.687",0.45454545454545453,1,True,False,Khánh Hòa,2412.0,"Khánh Hòa | Xoài | 806 | 7.254 | Ổn định | 2.412 | 23,4% | 1.921 | 5.584",0.9090909090909091,2,False,1153.0,0.47802653399668327,12
B-train-00267-q10,argmax,Khánh Hòa,865.0,"4852 | 85,6% | 865 | 208.636 | 7.338 | B | 2.371",0.8888888888888888,1,True,False,Kho Bình Dương,851.0,"Kho Bình Dương | 5592 | 98,4% | 851 | 1.130 | C | 8.620",0.2222222222222222,1,False,14.0,0.01645123384253819,10
B-train-00269-q04,argmax,Đà Nẵng,13389.0,"13.389 | 53.355 | 83,1% | 4.927 | 3.012 | tấn",0.42857142857142855,1,True,False,Đà Lạt,13023.0,"Đà Lạt | 13.023 | 516 | 94.773 | 82,7% | 3.751 | 3.920 | kWh",1.0,1,False,366.0,0.02810412347385395,8
B-train-00272-q02,argmax,Hải Phòng 02,9770.0,"Hải Phòng 02 | 9.770 | 810 | 510 | -1,9% | 1,4% | 4.047 | 2.883 | triệu đồng",0.5454545454545454,3,True,False,Đồng bằng sông Cửu Long,9300.0,"Đồng bằng sông Cửu Long | 9.300 | 840 | 680 | 7,8% | 18,4% | 2.770 | 7.758 | lượt",0.2727272727272727,1,False,470.0,0.05053763440860215,12
B-train-00273-q09,argmax,Miền Trung,860.0,"1.390 | 2.250 | 860 | 161,9% | 07/04/2026 | HS2605 | lượt | 8.591",0.6923076923076923,4,True,False,Miền Nam,650.0,"Miền Nam | 4.770 | 5.420 | 650 | 113,6% | 18/04/2026 | HS7371 | lượt | 8.132",0.9230769230769231,3,False,210.0,0.3230769230769231,14
B-train-00279-q01,argmin,Hải Phòng,129.0,"11.188 | 1,7% | 129 | 7 | Chưa đủ chứng từ | C",1.0,1,True,False,Trạm 110kV Bắc,134.0,"Trạm 110kV Bắc | 13.484 | 3,4% | 134 | 4 | Chưa đủ chứng từ | A",0.6666666666666666,3,False,5.0,0.03731343283582089,16
B-train-00281-q10,argmax,Đà Nẵng,2390.0,Công ty Đông Á | 2.430 | 2.390 | Đã duyệt | 4.754 | 25/02/2026 | 7.235,0.5454545454545454,1,True,False,GT87,2380.0,GT87 | Công ty Việt Phát | 2.440 | 2.380 | Chờ nghiệm thu | 9.192 | 28/08/2026 | 6.406,0.7272727272727273,1,False,10.0,0.004201680672268907,12
B-train-00283-q04,argmax,Hải Phòng,451.0,"451 | 84 | 0 | 45 phút | tấn | 23,3% | 03/12/2026",0.7333333333333333,1,True,False,Tai Mũi Họng,446.0,"Tai Mũi Họng | 446 | 17 | 0 | 56 phút | kWh | 13,8% | 14/06/2026",0.3333333333333333,1,False,5.0,0.011210762331838564,16
B-train-00285-q04,argmin,Cần Thơ,1032.0,"20 | 18 | 2 | -2 | C | 33,8% | 1.032",0.2857142857142857,1,True,False,Công nghệ,2433.0,"Công nghệ | 18 | 14 | 4 | -4 | Cần rà soát | 14,2% | 2.433",0.42857142857142855,1,False,1401.0,0.5758323057953144,8
B-train-00297-q01,argmin,Khánh Hòa,6.0,9 | 6 | 3 | -3 | HS6073 | 6.487 | A | kWh,0.14285714285714285,1,True,False,Hành chính,8.0,Hành chính | 8 | 3 | -3 | HS0098 Đã đối chiếu | 2.762 | Cần rà soát | triệu đồng,0.5714285714285714,1,False,2.0,0.25,8
B-train-00297-q05,argmin,Khánh Hòa,9.0,9 | 6 | 3 | -3 | HS6073 | 6.487 | A | kWh,0.14285714285714285,1,True,False,Công nghệ,20.0,Công nghệ | 20 | 14 | 6 | -6 | HS6482 | 2.565 | C | lượt,0.42857142857142855,1,False,11.0,0.55,8
B-train-00303-q04,argmax,Lâm Đồng,3749.0,"648 | 5.832 | 3.749 | 64,3% | 279 | 24/01/2026",0.25,1,True,False,Tài sản,2489.0,"Tài sản | 684 | 7.524 | 2.489 | 33,1% | 1.145 | 20/06/2026",0.875,1,False,1260.0,0.5062274005624748,9
B-train-00308-q01,argmax,Cụm BTS-02,36.2,"Cụm BTS-02 | 69.020 | 3,1% | 84 | 36,2% | 7.484 | HS3731",1.0,2,True,False,Cụm BTS-01,29.4,"Cụm BTS-01 | 14.180 | 79.669 | 2,7% | 89 | 29,4% | 8.953 | HS2360",0.9090909090909091,3,False,6.800000000000004,0.23129251700680287,12
B-train-00310-q10,argmax,Lâm Đồng,9302.0,"9.341 | 21.694 | 88,5% | 341 | 13,3% | 8.688 | 9.302",0.7272727272727273,1,True,False,Phố cổ Hội An,8550.0,"Phố cổ Hội An | 9.246 | 786 | 60.192 | 49,2% | 7.007 | 33,7% | 613 | 8.550",1.0,3,False,752.0,0.087953216374269,12
B-train-00320-q07,argmin,Đồng bằng sông Cửu Long,354.0,Cà phê | 59 | 354 | Ổn định | 20/06/2026 | HS2810,0.8666666666666667,1,False,False,Khánh Hòa,939.0,Khánh Hòa | Xoài | 313 | 939 | Đạt kế hoạch | 19/08/2026 | HS2492,0.6666666666666666,2,False,585.0,0.6230031948881789,16
B-train-00321-q09,argmax,Đồng Nai,880.0,"1.150 | 2.030 | 880 | 176,5% | HS3193 | 1.969 | 3.427",0.9090909090909091,1,True,False,Tây Nguyên,870.0,"Tây Nguyên | 1.960 | 2.830 | 870 | 144,4% | HS1389 | 2.829 | 4.293",0.7272727272727273,2,False,10.0,0.011494252873563218,12
B-train-00327-q07,argmin,Miền Nam,1553.0,"45.827 | 83.186 | 2,5% | 37 | 1.553 | 13/02/2026 | 23,1%",0.6666666666666666,1,True,False,Khu vực miền núi,3480.0,"Khu vực miền núi | 49.822 | 19.447 | 3,0% | 44 | 3.480 | 18/03/2026 | 6,9%",0.4444444444444444,2,False,1927.0,0.5537356321839081,10
B-train-00330-q04,argmax,Cần Thơ,9091.0,"11.637 | 7.288 | 2,2% | 75 | hồ sơ | 9.091 | 35,8%",0.13333333333333333,1,True,False,Cụm BTS-01,7143.0,"Cụm BTS-01 | 36.121 | 11.038 | 2,8% | 12 | hồ sơ | 7.143 | 34,3%",0.0,4,False,1948.0,0.2727145457090858,16
B-train-00331-q01,argmin,Đà Nẵng,83.0,"5660 | 90,9% | 83 | 367.900 | hồ sơ | 6.957",0.7,1,True,True,Kho Cần Thơ,208.0,"Kho Cần Thơ | 2288 | 78,2% | 208 | 57.200 | lượt | 7.361",0.3,2,False,125.0,0.6009615384615384,11
B-train-00331-q08,argmax,Hưu trí Đã đối chiếu,9417.0,"Hưu trí Đã đối chiếu | 2236 | 2134 | 66 | 29.876 | 37,2% | lượt | 9.417",0.7142857142857143,1,False,True,Tai nạn lao động,5493.0,"Tai nạn lao động | 1263 | 1209 | 53 | 21.762 | 2,5% | lượt | 5.493",0.5714285714285714,1,False,3924.0,0.7143637356635718,8
B-train-00331-q10,argmax,Kho Hà Nội,923.0,"Kho Hà Nội | 98,7% | 923 | 155.376 | triệu đồng | 3.827",0.0,2,False,False,Kho Cần Thơ,692.0,"Kho Cần Thơ | 6022 | 95,5% | 692 | 102.374 | hồ sơ | 3.266",0.8,2,False,231.0,0.3338150289017341,11
B-train-00335-q01,argmax,Khánh Hòa,7923.0,"38 | 39 | 0 | +1 | 2.122 | 30,0% | 7.923",0.5625,1,True,False,Hành chính,7476.0,"Hành chính | 31 | 34 | 0 | +3 | 7.223 | 8,4% | 7.476",0.625,3,False,447.0,0.059791332263242375,17
B-train-00339-q07,argmin,Hà Nội,-540.0,"1.060 | 520 | -540 | 49,1% | 9.107 | 2.790",0.21428571428571427,1,True,False,Đồng bằng sông Cửu Long,-440.0,"Đồng bằng sông Cửu Long | 3.670 | 3.230 | -440 | 88,0% | 3.647 | 551",0.2857142857142857,3,False,100.0,0.22727272727272727,15
B-train-00339-q10,argmin,Hà Nội,49.1,"1.060 | 520 | -540 | 49,1% | 9.107 | 2.790",0.21428571428571427,1,True,False,Miền Bắc,76.2,"Miền Bắc | 1.010 | 770 | -240 | 76,2% | 7.735 | 5.677",0.35714285714285715,2,False,27.1,0.3556430446194226,15
B-train-00341-q04,argmax,Trường liên cấp,24803.0,"Trường liên cấp | 25.550 Đã đối chiếu | 24.803 | 97,1% | Mặt bằng | A | 25/06/2026",1.0,2,True,False,Khánh Hòa,21266.0,"Khánh Hòa | 25.860 | 21.266 | 82,2% | Thủ tục | C | 09/03/2026",0.5714285714285714,1,False,3537.0,0.1663218282704787,8
B-train-00344-q10,argmax,Miền Trung,4.0,11 | 15 | 0 | +4 | Cần rà soát | tấn,0.9166666666666666,1,True,False,Vận hành,0.0,Vận hành | 31 | 31 | 0 | +0 | A | kWh,0.6666666666666666,2,False,4.0,3999999999.9999995,13
B-train-00345-q05,argmin,Hàng hóa,29.0,"Hàng hóa | 241 Đã đối chiếu | 3.133 | 29 | 0,9% | HS4754 | 2.519 | 04/07/2026 | C",0.25,2,False,False,Sức khỏe,244.0,"Sức khỏe | 628 | 1.884 | 244 | 13,0% | HS3178 | 8.780 | A",0.8333333333333334,2,False,215.0,0.8811475409836066,13
B-train-00349-q01,argmax,Vịnh Hạ Long Đã đối chiếu,138198.0,"Vịnh Hạ Long Đã đối chiếu | 22.691 | 342 | 138.198 | 56,7% | 5.223 | HS3496 | 10/11/2026",0.5555555555555556,1,False,False,Phú Quốc,116720.0,"Phú Quốc | 20.304 | 3.040 | 116.720 | 57,7% | 3.856 | HS0313 | 08/03/2026",1.0,2,False,21478.0,0.18401302261823166,10
B-train-00350-q05,argmin,Miền Bắc,1710.0,"1.470 | 1.710 | 240 | 116,3% | HS2163 | hồ sơ",0.5,3,True,False,Miền Nam,1990.0,"Miền Nam | 2.480 | 1.990 | -490 | 80,2% | HS7831 | lượt",0.16666666666666666,3,False,280.0,0.1407035175879397,13
B-train-00352-q04,argmin,Miền Bắc Đã đối chiếu,660.0,"Miền Bắc Đã đối chiếu | 1.100 | 660 | -440 | 60,0% | 9.202 | 07/04/2026 | Điều chỉnh kỳ sau",0.7142857142857143,1,False,False,Đồng bằng sông Cửu Long,1680.0,"Đồng bằng sông Cửu Long | 1.420 | 1.680 | 260 | 118,3% | 1.366 | 11/05/2026 | Không phát sinh",0.5714285714285714,1,False,1020.0,0.6071428571428571,8
B-train-00355-q03,argmin,Đường vành đai Đã đối chiếu,1600.0,"Đường vành đai Đã đối chiếu | 1.600 | 729 | 45,6% | Thủ tục | C | 7.924 | 4.323 | triệu đồng",0.125,1,False,False,Trường liên cấp,11240.0,"Trường liên cấp | 11.240 | 5.895 | 52,4% | Thủ tục | A | 6.591 | 1.297 | triệu đồng",0.25,1,True,9640.0,0.8576512455516014,9
B-train-00367-q09,argmin,Nội tổng hợp,69.0,Nội tổng hợp | 69 | 13 | 3 | 30 phút | 3.661 | 7.494 | 2.435,1.0,3,True,False,Tai Mũi Họng,74.0,Tai Mũi Họng | 74 | 10 | 3 | 49 phút | 592 | 4.589,0.4166666666666667,1,False,5.0,0.06756756756756757,13
B-train-00373-q02,argmax,Hà Nội,80.0,"16.568 | 6.902 | 1,2% | 80 | Chưa đủ chứng từ | 5.872",0.25,1,True,False,Cụm BTS-01,76.0,"Cụm BTS-01 | 21.993 | 5.443 | 0,4% | 76 | Đã đối chiếu",0.0,2,True,4.0,0.05263157894736842,9
B-train-00374-q09,argmin,Miền Trung,3.0,Máy quét tài liệu | Cái | 32 | 19 | 3 | 48 | 05/05/2026,0.18181818181818182,1,True,False,VT371,9.0,VT371 | Máy quét tài liệu | Ram | 53 | 31 | 9 | 75 | 02/06/2026,0.9090909090909091,1,False,6.0,0.6666666666666666,12
B-train-00376-q09,argmin,Sông Hương Đã đối chiếu,1.1,"Sông Hương Đã đối chiếu | 6,41 | 42 | 12 | Điều chỉnh kỳ sau | hồ sơ | 1.079 | 1,1%",0.8571428571428571,1,False,True,Cửa biển Đà Nẵng,7.8,"Cửa biển Đà Nẵng | 7,97 | 53 | 25 | Chấp nhận | Đã đối chiếu | kWh | 8.454 | 7,8%",0.5714285714285714,1,False,6.699999999999999,0.8589743589743589,8
B-train-00377-q07,argmin,Đồng Nai,505.0,"14.006 | 72.310 | 2,5% | 36 | 505 | tấn | 6.924 | 19/09/2026",0.1111111111111111,1,True,False,Cụm BTS-02,3289.0,"Cụm BTS-02 | 28.325 | 38.509 | 2,5% | 78 | 3.289 | lượt | 9.435",0.6666666666666666,1,False,2784.0,0.8464578899361508,10
B-train-00379-q03,argmin,Đà Nẵng 01 Đã đối chiếu,3.2,"Đà Nẵng 01 Đã đối chiếu | 3.070 | 900 | 230 | 16,5% | triệu đồng | 3,2% | Đã đối chiếu | B",0.5833333333333334,1,False,False,Hà Nội 01,8.1,"Hà Nội 01 | 9.820 | 5.270 | 60 | 9,5% | kWh | 8,1% | Chưa đủ chứng từ | A",0.4166666666666667,2,False,4.8999999999999995,0.6049382716049382,13
B-train-00379-q08,argmin,Đà Nẵng 01 Đã đối chiếu,900.0,"Đà Nẵng 01 Đã đối chiếu | 3.070 | 900 | 230 | 16,5% | triệu đồng | 3,2% | Đã đối chiếu | B",0.5833333333333334,1,False,False,Đà Nẵng 01,2810.0,"Đà Nẵng 01 | 1.090 | 2.810 | 40 | 10,2% | lượt | 13,3% | Đã đối chiếu | A",0.16666666666666666,2,False,1910.0,0.6797153024911032,13
B-train-00381-q07,argmax,Miền Nam,918.0,"15.215 | 4,1% | 918 | 6 | 1.941 | HS1676 | hồ sơ",0.1,1,True,False,Trạm 110kV Bắc,830.0,"Trạm 110kV Bắc | 15.902 | 6,7% | 830 | 5 | 2.657 | HS8930 | kWh",1.0,2,True,88.0,0.10602409638554217,11
B-train-00389-q03,argmax,Sông Hồng,82.0,"Sông Hồng | 8,33 Đã đối chiếu | 82 | 21 | Tốt | HS9188 | 16,2%",0.0,3,False,False,Sông Hương,76.0,"Sông Hương | 7,14 | 76 | 39 | Cần theo dõi | HS0129 | 34,0%",0.6,2,False,6.0,0.07894736842105263,11
B-train-00395-q03,argmax,Hải Phòng,63.5,"260 | 1.300 | 825 | 63,5% | 9.599 | 30,7% | 7.899 | 1.432",1.0,1,True,False,Hàng hóa,60.1,"Hàng hóa | 145 | 1.015 | 610 | 60,1% | 2.596 | 30,9% | 4.425 Đã đối chiếu | 3.397",0.3333333333333333,1,False,3.3999999999999986,0.05657237936772044,10
B-train-00402-q05,argmin,Miền Trung,1821.0,"17.530 | 1.821 | 10,4% | Mặt bằng | 4.951 | 27/03/2026 | Không phát sinh | 2.244",0.75,1,True,False,Nhà máy nước,4376.0,"Nhà máy nước | 14.100 | 4.376 | 31,0% | Thủ tục | 7.181 | 17/12/2026 | Chưa đủ chứng từ | 251",0.375,2,False,2555.0,0.5838665447897623,9
B-train-00407-q05,argmin,Tây Nguyên,976.0,"7.690 | 2.620 | 60 | 4,1% | lượt | HS4051 | 976",0.1111111111111111,1,True,False,Cần Thơ 02,1109.0,"Cần Thơ 02 | 4.500 | 8.400 | 310 | 5,0% | lượt | HS3764 | 1.109",0.4444444444444444,1,False,133.0,0.11992786293958521,10
B-train-00409-q03,argmax,Tây Nguyên,8342.0,"34 | 714 | 90,2% | 98.532 | Điều chỉnh giờ | C | Điều chỉnh kỳ sau | 8.342",0.7272727272727273,1,True,False,Hà Nội – Hải Phòng,7853.0,"Hà Nội – Hải Phòng | 43 | 1.290 | 96,3% | 219.300 | Điều chỉnh giờ | A | Chưa đủ chứng từ | 7.853",0.0,1,False,489.0,0.062269196485419585,12
B-train-00413-q03,argmax,Cần Thơ,20729.0,"24.190 | 20.729 | 85,7% | Vật liệu | Cần rà soát | HS3760 | 9.232 | 398",0.2857142857142857,1,True,False,Đường vành đai,15284.0,"Đường vành đai | 21.000 | 15.284 | 72,8% | Mặt bằng | C | HS0214 | 9.229 | 6.844",0.7857142857142857,3,True,5445.0,0.35625490709238417,15
B-train-00413-q05,argmin,Cần Thơ,398.0,"24.190 | 20.729 | 85,7% | Vật liệu | Cần rà soát | HS3760 | 9.232 | 398",0.2857142857142857,1,True,False,Khu tái định cư,1682.0,"Khu tái định cư | 17.110 | 7.317 | 42,8% | Không | A | HS8814 | 5.587 | 1.682",1.0,2,False,1284.0,0.7633769322235434,15
B-train-00413-q10,argmin,Khu tái định cư,1574.0,"Khu tái định cư | 11.910 Đã đối chiếu | 8.536 | 71,7% | Thủ tục | B | HS9283 | 1.574 | 1.841",0.6428571428571429,2,False,False,Nhà máy nước,1690.0,"Nhà máy nước | 9.070 | 1.776 | 19,6% | Vật liệu | Cần rà soát | HS1114 | 1.690 | 3.037",0.5714285714285714,2,False,116.0,0.06863905325443787,15
B-train-00421-q10,argmax,Hải Phòng,33.9,"2.880 | 7.780 | 0,7% | 3.135 | 33,9% | 425 | C",0.1111111111111111,1,True,False,Cần Thơ 02,31.6,"Cần Thơ 02 | 8.010 | 1.760 | 370 | 13,4% | 7.028 | 31,6% | 9.765 | Cần rà soát",0.4444444444444444,2,False,2.299999999999997,0.07278481012658218,10
B-train-00422-q07,argmax,Tây Nguyên,36.1,"1742 | 1702 | 24 | 25.530 | A | 36,1% | kWh",0.07142857142857142,1,True,False,Hưu trí,32.7,"Hưu trí | 432 | 327 | 23 | 4.251 | C | 32,7% | hồ sơ",0.35714285714285715,2,False,3.3999999999999986,0.10397553516819566,15
B-train-00423-q02,argmin,Miền Trung,1110.0,Công ty Việt Phát | 1.470 | 1.320 | Chờ nghiệm thu | Chưa đủ chứng từ | 1.110 | 2.096,0.8888888888888888,1,True,False,GT02,2970.0,GT02 | Công ty Nam Việt | 880 | 700 | Đang thực hiện | Điều chỉnh kỳ sau | 2.970 | 5.229,0.4444444444444444,2,False,1860.0,0.6262626262626263,10
B-train-00424-q02,argmin,Miền Nam,912.0,"7.202 | 912 | 24.342 | 85,2% | 2.914 | 21,8% Đã đối chiếu | B",0.5294117647058824,1,True,False,Nha Trang,1142.0,"Nha Trang | 18.672 | 1.142 | 118.884 | 83,3% | 9.568 | 1,0% | A",0.7647058823529411,2,False,230.0,0.20140105078809106,18
B-train-00425-q08,argmax,Hà Nội,171.0,Máy quét tài liệu | Cái | 171 | 42 | 211 | 2,0.2857142857142857,1,True,False,VT176,163.0,VT176 | Ghế xoay | 163 | 110 | 63 | 210,0.5714285714285714,1,False,8.0,0.049079754601226995,8
B-train-00436-q02,argmax,Khánh Hòa,178472.0,"19.696 | 5.800 | 178.472 | 89,3% | 5.938 | triệu đồng | 23/06/2026 | A",0.9,1,True,True,Vịnh Hạ Long,107121.0,"Vịnh Hạ Long | 11.731 | 3.572 | 107.121 | 61,2% | 4.568 | triệu đồng | 01/10/2026 | Cần rà soát",0.0,3,False,71351.0,0.6660785466901915,11
B-train-00444-q04,argmax,Cụm BTS-01,92.0,"Cụm BTS-01 | 47.848 | 0,3% | 92 | triệu đồng | 3.084 | A | 04/01/2026",0.8461538461538461,2,True,False,Khu vực ven biển,89.0,"Khu vực ven biển | 36.741 | 97.035 | 2,0% | 89 | lượt | 9.350 | Cần rà soát | 10/04/2026",0.23076923076923078,3,True,3.0,0.033707865168539325,14
B-train-00447-q03,argmax,Khánh Hòa,95.7,"12C | 47 | 45 | 95,7% | lượt | HS0303",0.15384615384615385,1,True,False,THPT Trần Phú,95.5,"THPT Trần Phú | 12C | 44 | 42 | 95,5% | kWh | HS3427",0.9230769230769231,2,False,0.20000000000000284,0.0020942408376963648,14
B-train-00450-q06,argmax,Miền Trung,44.0,"12C | 44 | 36 | 81,8% | HS4037 | 2.155",0.2857142857142857,1,True,False,THPT Trần Phú,43.0,"THPT Trần Phú | 12C | 43 | 32 | 74,4% | HS5658 | 4.490",1.0,1,True,1.0,0.023255813953488372,8
B-train-00452-q03,argmin,Miền Trung,23175.0,515 | 163 | 23.175 | 9.421 | tấn | 9.411,0.45454545454545453,1,True,False,Kho Đà Nẵng,29718.0,"Kho Đà Nẵng | 762 | 99,5% | 441 | 29.718 | 4.197 | triệu đồng | 2.350",0.09090909090909091,3,False,6543.0,0.2201695941853422,12
B-train-00452-q04,argmax,Miền Trung,9411.0,515 | 163 | 23.175 | 9.421 | tấn | 9.411,0.45454545454545453,1,True,False,Kho Bình Dương,8676.0,"Kho Bình Dương | 4243 | 78,6% | 912 | 140.019 | 5.952 | hồ sơ | 8.676",0.18181818181818182,2,False,735.0,0.084716459197787,12
B-train-00454-q06,argmin,Hải Phòng,210.0,"32.815 | 1.427 | 3,4% | 48 | Không phát sinh | 210 | 9.097",0.5,1,True,False,Khu vực ven biển,437.0,"Khu vực ven biển | 46.600 | 32.757 | 1,6% | 3 | Đã đối chiếu | 437 | 908",0.2,2,False,227.0,0.5194508009153318,11
B-train-00454-q07,argmin,Đà Nẵng,2.0,1423 | 1360 | 2 | 21.760 | 5.840 | hồ sơ | 7.470 | HS6407,0.1111111111111111,1,True,False,Tai nạn lao động,11.0,Tai nạn lao động | 1732 | 1701 | 11 | 10.206 | 3.671 | hồ sơ | 6.441 | HS2862,1.0,2,False,9.0,0.8181818181818182,10
B-train-00457-q07,argmin,Đồng Nai,73304.0,"34 | 748 | 88,2% | 73.304 | Điều chỉnh giờ | 12/05/2026",0.7777777777777778,1,True,True,Nha Trang – Đà Lạt,77004.0,"Nha Trang – Đà Lạt | 31 | 837 | 87,0% | 77.004 | Bình thường | 27/01/2026",0.3333333333333333,1,False,3700.0,0.0480494519765207,10
B-train-00464-q06,argmin,Miền Trung,11.7,"15.850 | 1.847 | 11,7% | Mặt bằng | 4.625 | Chưa đủ chứng từ",0.35294117647058826,1,True,False,Khu tái định cư,13.3,"Khu tái định cư | 15.050 | 1.999 | 13,3% | Vật liệu | 2.989 | Đã đối chiếu",0.5294117647058824,3,False,1.6000000000000014,0.12030075187969935,18
B-train-00471-q04,argmin,Đồng bằng sông Cửu Long,15975.0,"15.975 | 75.868 | 1,7% | 17 | 2.640 | A | 24,8% | Không phát sinh",1.0,1,True,False,Khu vực ven biển,16352.0,"Khu vực ven biển | 16.352 | 82.044 | 1,1% | 84 | 9.268 | Cần rà soát | 2,2% | Đã đối chiếu",0.25,1,False,377.0,0.023055283757338552,9
B-train-00472-q02,argmin,Đồng bằng sông Cửu Long,285.0,"21.752 | 285 | 132.222 | 74,9% | HS7855 | 1.762",0.1,1,True,False,Vịnh Hạ Long,1589.0,"Vịnh Hạ Long | 17.263 | 1.589 | 131.964 | 55,0% | HS9349 | 2.902",1.0,2,False,1304.0,0.8206419131529263,11
B-train-00475-q04,argmax,Khánh Hòa,9613.0,"940 | 2.030 | 50 | 16,5% | Không phát sinh | 9.613 | 5.472 | 19,4%",0.2727272727272727,1,True,False,Hải Phòng 02,8114.0,"Hải Phòng 02 | 7.690 | 6.250 | 330 | 1,2% | Điều chỉnh kỳ sau | 8.114 | 4.049 | 34,6%",0.5454545454545454,2,False,1499.0,0.18474242050776435,12
B-train-00479-q10,argmin,Sản Đã đối chiếu,63.0,Sản Đã đối chiếu | 63 | 11 | 0 | 59 phút | C | HS1091 | 06/03/2026,0.3,1,False,False,Ngoại,166.0,Ngoại | 166 | 27 | 2 | 70 phút | B | HS6539 | 19/10/2026,0.7,1,False,103.0,0.6204819277108434,11
B-train-00501-q03,argmin,Đồng Nai,3.2,"2.360 | -80 | 96,6% | HS8705 | 3,2%",0.6363636363636364,1,True,False,Miền Bắc,3.7,"Miền Bắc | 3.320 | 2.910 | -410 | 87,7% | HS5987 | 3,7%",0.45454545454545453,3,False,0.5,0.13513513513513511,12
B-train-00503-q09,argmax,Đà Nẵng,9420.0,Công ty Đông Á | 2.080 | 1.970 | Đã duyệt | 7.940 | 9.420,0.8571428571428571,1,True,False,GT35,9014.0,GT35 | Hợp tác xã Thành Công | 1.820 | 1.790 | Chờ nghiệm thu | 9.467 | 9.014,1.0,1,False,406.0,0.045041047259818064,8
B-train-00503-q10,argmax,Đà Nẵng,1970.0,Công ty Đông Á | 2.080 | 1.970 | Đã duyệt | 7.940 | 9.420,0.8571428571428571,1,False,False,GT93,1930.0,GT93 | Công ty Nam Việt | 2.120 | 1.930 | 7.272 | 6.500,0.5714285714285714,1,False,40.0,0.02072538860103627,8
B-train-00504-q03,argmax,Miền Nam,7645.0,"2069 | 2042 | 23 | 6.126 | 19,3% | 01/03/2026 | 7.645",0.6666666666666666,1,True,False,Thai sản,7557.0,"Thai sản | 216 | 177 | 21 | 2.301 | 13,6% | 19/01/2026 | 7.557",0.8888888888888888,2,False,88.0,0.011644832605531296,10
B-train-00511-q09,argmin,Lâm Đồng,1306.0,"12C | 25 | 13 | 52,0% | 18/01/2026 | 1.306 | Điều chỉnh kỳ sau",0.8571428571428571,1,True,False,THPT Chu Văn An,1566.0,"THPT Chu Văn An | 12E | 28 | 18 | 64,3% | 20/07/2026 | 1.566 | Đã đối chiếu",1.0,3,False,260.0,0.16602809706257982,15
B-train-00512-q04,argmax,Đồng bằng sông Cửu Long,34.9,"8 | 9 | 0 | +1 | Điều chỉnh kỳ sau | 2.844 | 34,9%",1.0,1,True,False,Hành chính,27.1,"Hành chính | 36 | 33 | 3 | -3 | Không phát sinh | 5.699 | 27,1%",0.4,1,False,7.799999999999997,0.28782287822878216,11
B-train-00513-q05,argmin,Lâm Đồng,7.0,11 | 7 | 4 | -4 Đã đối chiếu | 13/07/2026 | HS3730 | lượt | 7.515,0.14285714285714285,1,True,False,Công nghệ,10.0,Công nghệ | 13 | 10 | 3 | 27/06/2026 | HS2691 | kWh | 1.545,0.42857142857142855,1,False,3.0,0.3,8
B-train-00514-q04,argmax,Hải Phòng,5460.0,"4.840 | 5.460 | 620 | 112,8% | HS3042 | hồ sơ",0.09090909090909091,1,True,False,Miền Trung,5350.0,"Miền Trung | 4.660 | 5.350 | 690 | 114,8% | HS9335 | lượt",1.0,1,False,110.0,0.020560747663551402,12
B-train-00517-q05,argmax,Khánh Hòa,8328.0,"Công ty Nam Việt | 1.070 | 960 | Đã duyệt | 8.328 | 5,1% | 09/12/2026",0.9,1,True,True,GT52,7418.0,"GT52 | Công ty Nam Việt | 2.130 | 1.990 | Đã duyệt | 7.418 | 36,5% | 15/11/2026",0.4,1,False,910.0,0.12267457535723915,11
B-train-00518-q01,argmax,Đà Nẵng,890.0,"4.940 | 5.830 | 890 | 118,0% | HS5361 | tấn | C",0.2727272727272727,1,True,False,Miền Bắc,870.0,"Miền Bắc | 3.570 | 4.440 | 870 | 124,4% | HS6187 | tấn | Cần rà soát",0.9090909090909091,3,False,20.0,0.022988505747126436,12
B-train-00518-q02,argmin,Đồng bằng sông Cửu Long,-600.0,"Đồng bằng sông Cửu Long | 2.820 | -600 | 82,5% | HS8215 | lượt | Cần rà soát",0.36363636363636365,2,False,False,Miền Bắc,-530.0,"Miền Bắc | 1.620 | 1.090 | -530 | 67,3% | HS3227 | lượt | C",0.0,3,False,70.0,0.1320754716981132,12
B-train-00520-q03,argmax,Miền Nam,9155.0,"22 | 26 | 0 | +4 | Chưa đủ chứng từ | 8.373 | 9.155 | 3.503 | B | 29,2% Đã đối chiếu",0.2727272727272727,1,True,False,Chăm sóc khách hàng,8998.0,"Chăm sóc khách hàng | 34 | 33 | 1 | -1 | Điều chỉnh kỳ sau | 2.632 Đã đối chiếu | 8.998 | Cần rà soát | 26,3%",0.45454545454545453,2,False,157.0,0.017448321849299845,12
B-train-00522-q06,argmin,Đà Nẵng,4630.0,"4.630 | 4.168 Đã đối chiếu | 90,0% | Không | triệu đồng | 20,9% | Cần rà soát | Chưa đủ chứng từ",0.5555555555555556,1,True,False,Trường liên cấp,5290.0,"Trường liên cấp | 5.290 | 73,4% | Vật liệu | kWh | 33,0% | A | Chưa đủ chứng từ",0.7777777777777778,1,False,660.0,0.12476370510396975,10
B-train-00526-q07,argmax,Trạm 220kV Trung Đã đối chiếu,914.0,"Trạm 220kV Trung Đã đối chiếu | 3.245 | 5,9% | 914 | 5 | A | Không phát sinh | kWh | 5.044",0.5,2,True,False,Trạm 110kV Bắc,870.0,"Trạm 110kV Bắc | 2.191 | 5,9% | 870 | 3 | Cần rà soát | Không phát sinh | tấn | 5.333",0.0,3,False,44.0,0.05057471264367816,13
B-train-00530-q07,argmax,Miền Nam,8581.0,"853 | 85,4% | 55.445 | B | 6.283 | 8.581 | Đã đối chiếu",0.8333333333333334,1,True,False,Kho Đà Nẵng,8158.0,"Kho Đà Nẵng | 3313 | 89,1% | 614 | 159.024 Đã đối chiếu | Cần rà soát | 6.245 | 8.158 | Điều chỉnh kỳ sau | 10/07/2026 | HS9358",0.5,3,False,423.0,0.05185094385878892,13
B-train-00534-q02,argmax,Kho Hà Nội Đã đối chiếu,7252.0,"Kho Hà Nội Đã đối chiếu | 2855 | 79,5% | 832 | 59.955 | 175 | tấn | Đã đối chiếu | 7.252",0.5555555555555556,1,False,False,Miền Nam,6495.0,"Miền Nam | 3828 | 87,2% | 58 | 145.464 | 3.491 | triệu đồng | Chưa đủ chứng từ | 6.495",0.8888888888888888,1,False,757.0,0.11655119322555813,10
B-train-00550-q06,argmin,Trạm Tây Đô Đã đối chiếu,508.0,Trạm Tây Đô Đã đối chiếu | 11.709 | 353 | 2 | 04/09/2026 | 3.643 Đã đối chiếu | 508 | 9.753,0.3333333333333333,1,False,False,Trạm Nam Sông,1664.0,"Trạm Nam Sông | 11.998 | 2,0% | 318 | 6 | 28/04/2026 | 3.959 | 1.664 | 6.765",0.2222222222222222,2,False,1156.0,0.6947115384615384,10
B-train-00552-q01,argmax,Tây Nguyên,112.0,Bộ phát Wi-Fi Đã đối chiếu | Cái | 124 | 112 | 2 | 234,0.5,1,True,False,VT030,97.0,"VT030 | Ghế xoay | Hộp | 86 | 97 | 72 | triệu đồng | 8,2%",1.0,1,False,15.0,0.15463917525773196,13
B-train-00561-q06,argmin,Hải Phòng,1.3,"13.398 | 7,9% | 590 | 1 | 2.040 | 5.442 Đã đối chiếu | B | 1,3% | 02/12/2026 | 8.628",0.1111111111111111,1,True,False,Trạm Cao Nguyên,1.8,"Trạm Cao Nguyên | 6.519 | 1,6% Đã đối chiếu | 407 | 6 | 4.773 | 1.762 | A | 1,8% | 06/12/2026 | 3.051",0.4444444444444444,2,False,0.5,0.2777777777777778,10
B-train-00563-q02,argmin,Hải Phòng,48906.0,"11 | 286 | 98,5% | 48.906 | Điều chỉnh giờ Đã đối chiếu | Cần rà soát | Đã đối chiếu | HS4707 Đã đối chiếu | 8.242 | lượt | 3.663",0.6666666666666666,1,True,False,Đà Nẵng – Huế,60588.0,"Đà Nẵng – Huế | 9 | 324 | 96,7% | 60.588 | Tăng chuyến | B | Điều chỉnh kỳ sau | HS3599 | 3.871 | triệu đồng | 2.330",0.08333333333333333,3,False,11682.0,0.19281045751633988,13
B-train-00566-q09,argmax,Đà Nẵng,34.8,"4.790 | 4.920 | 130 | 102,7% | 34,8% | tấn | 3.071 | A",0.18181818181818182,1,False,False,Miền Bắc,32.4,"Miền Bắc | 4.660 | 5.250 | 590 | 112,7% | 32,4% | Chưa đủ chứng từ | kWh | 9.817 Đã đối chiếu | 9.481 | C",0.45454545454545453,3,False,2.3999999999999986,0.07407407407407403,12
B-train-00567-q08,argmax,Đà Nẵng,7181.0,"12E | 43 | 43 | 100,0% | HS2925 | 7.996 | 9.232 | 08/01/2026 Đã đối chiếu | B | 7.181",0.4444444444444444,1,True,False,THPT Nguyễn Trãi,6922.0,"THPT Nguyễn Trãi | 12A | 48 | 44 | 91,7% | HS4036 Đã đối chiếu | 4.511 | 6.312 | 20/12/2026 | B | 6.922",0.5555555555555556,2,False,259.0,0.03741693152268131,10
B-train-00568-q04,argmax,Tây Nguyên,82.3,"10.665 | 2.405 | 26.140 | 82,3% | HS4193 | 3.829 | lượt",0.8461538461538461,1,True,False,Phố cổ Hội An,80.5,"Phố cổ Hội An | 4.728 | 6.223 | 21.902 | 80,5% | HS7754 | 8.244",0.46153846153846156,2,False,1.7999999999999972,0.022360248447204932,14
B-train-00569-q07,argmin,Miền Trung,1.0,Cái | 32 | Mức A | ưu tiên | 129 | 1 | triệu đồng | 2.641 | 6.214 | Đã đối chiếu,0.4166666666666667,1,True,False,VT386,5.0,VT386 | Bàn làm việc | 44 | 32 | 71 | 5 | tấn | 2.767,0.9166666666666666,1,False,4.0,0.8,13
B-train-00574-q04,argmin,Hải Phòng,213.0,"1.509 | 2,3% | 266 | 4 | Không phát sinh | 05/04/2026 | kWh | 213",0.9166666666666666,1,False,False,Trạm Tây Đô,333.0,"Trạm Tây Đô | 14.466 | 7,9% | 817 Đã đối chiếu | 2 | Điều chỉnh kỳ sau | 02/07/2026 | tấn | 333",0.25,2,False,120.0,0.36036036036036034,13
B-train-00575-q02,argmax,GT89 Đã đối chiếu,8310.0,GT89 Đã đối chiếu | Công ty Nam Việt | 210 | 100 | Đã duyệt | 8.105 | 5.390 | hồ sơ | 03/01/2026 | 8.310,0.2222222222222222,1,False,False,GT08,5974.0,GT08 | Công ty Đông Á | 1.070 | 860 | Đã duyệt | 2.240 | 3.990 | kWh | 17/09/2026 | 5.974,0.6111111111111112,2,False,2336.0,0.3910277870773351,19
B-train-00577-q07,argmin,Đà Nẵng – Huế,33120.0,"Đà Nẵng – Huế | 288 | 98,9% | 33.120 | Tăng chuyến | Đã kiểm tra",0.625,2,True,False,TP.HCM – Cần Thơ,47265.0,"TP.HCM – Cần Thơ | 15 | 88,2% | 47.265 | Tăng chuyến | 4,5%",0.75,1,False,14145.0,0.29927007299270075,9
B-train-00577-q08,argmin,Đà Nẵng,83.6,"612 | 83,6% | 100.368 | Điều chỉnh giờ | 28,7% | 21/02/2026 | HS3847",0.375,1,True,False,Nha Trang – Đà Lạt,87.4,"Nha Trang – Đà Lạt | 32 | 1.344 | 87,4% | 284.928 | Tăng chuyến | 26,4% | 16/07/2026 | HS3921",0.875,1,False,3.8000000000000114,0.04347826086956535,9
B-train-00579-q08,argmin,Khánh Hòa,388.0,"Công ty Việt Phát | 1.370 | 1.220 | Chờ nghiệm thu | 22/10/2026 | 5,3% | HS6633 | 2.739 | 388",0.3333333333333333,1,True,False,GT86,1982.0,"GT86 | Công ty Minh An | 280 | 100 | Đã duyệt | 03/10/2026 | 35,7% | HS7559 | 8.536 | 1.982",0.0,1,False,1594.0,0.8042381432896064,10
B-train-00580-q04,argmax,Cửa hàng 02,5399.0,"Cửa hàng 02 | 5399 | 4194 | 2.931.606 | 5,9% | 5.698 | 21,4% | C | 5.943 | 1.450",0.08333333333333333,3,False,False,Điểm bán phía Nam,5292.0,"Điểm bán phía Nam | 5292 | 1942 | 1.674.004 | 4,9% | 9.409 | 2,7% | A | 199 | 3.473",0.3333333333333333,1,False,107.0,0.020219198790627363,13
B-train-00580-q10,argmin,Cửa hàng 02,275.0,"Cửa hàng 02 | 275 | 138 | 121.992 | 7,0% | 6.771 | 34,0% | A | 1.309 | 5.689",0.5,3,True,False,Lâm Đồng,635.0,"Lâm Đồng | 635 | 255 | 113.220 Đã đối chiếu | 1,6% | 8.742 | 1,3% | A | Đã kiểm tra",0.6666666666666666,1,False,360.0,0.5669291338582677,13
B-train-00583-q04,argmax,Nha Trang – Đà Lạt,182120.0,"Nha Trang – Đà Lạt | 1.160 | 84,0% | 182.120 | Điều chỉnh giờ | 402 | HS6453 | Đã kiểm tra",0.6363636363636364,3,True,False,TP.HCM – Cần Thơ,167160.0,"TP.HCM – Cần Thơ | 35 | 840 | 87,2% | 167.160 | Điều chỉnh giờ | 9.425 | HS8959 | 5.895 | 26/01/2026",0.9090909090909091,3,False,14960.0,0.08949509452022014,12
B-train-00586-q05,argmin,Hải Phòng,616.0,"19.765 Đã đối chiếu | 56.851 | 0,7% | 40 | 25,6% | 616 | 09/01/2026 | HS9915 | Không phát sinh",0.75,1,True,False,Khu vực ven biển,1978.0,"Khu vực ven biển | 19.249 | 1,7% | 61 Đã đối chiếu | 29,3% | 1.978 | 26/03/2026 | HS4847 | Đã đối chiếu",0.875,2,False,1362.0,0.6885743174924166,9
B-train-00588-q02,argmax,Lâm Đồng,3119.0,"4178 | 3119 | 929.462 | 3,1% | B | 9.195 | Đã kiểm tra",0.9,1,True,False,Cửa hàng 01,2257.0,"Cửa hàng 01 | 4083 | 2257 | 1.060.790 | 5,6% | C | 4.294 | 13/09/2026 | HS6505",0.5,3,False,862.0,0.3819229065130704,11
B-train-00589-q08,argmax,Khánh Hòa,9843.0,"6,70 | 32 | 11 Đã đối chiếu | Vượt ngưỡng | Đã đối chiếu Đã đối chiếu | 20/07/2026 | HS1208 | 9.285 | 9.843",0.9,1,True,True,Sông Hồng,8766.0,"Sông Hồng | 7,53 | 28 | 39 | Chấp nhận | Điều chỉnh kỳ sau | 11/10/2026 | HS5156 | tấn | 5.005 | 8.766",0.0,1,False,1077.0,0.12286105407255304,11
B-train-00601-q08,argmax,Miền Bắc,9627.0,"5557 | 1970 | 254.130 | Mức A | ưu tiên | B | 20/07/2026 | 9.627 | 20,4%",0.45454545454545453,1,True,False,Cửa hàng 02,8965.0,"Cửa hàng 02 | 634 | 499 | 398.701 | lượt | A | 16/10/2026 | 8.965 | 15,9%",1.0,2,False,662.0,0.07384272169548244,12
B-train-00603-q05,argmax,Tài sản Đã đối chiếu,27.6,"Tài sản Đã đối chiếu | 56 | 336 | 54 | 16,1% | B | 1.382 | Không phát sinh | 27,6%",0.15384615384615385,1,False,False,Sức khỏe,25.1,"Sức khỏe | 459 | 7.344 | 5.027 | 68,5% | B | 2.819 | Không phát sinh | 25,1%",0.0,2,False,2.5,0.099601593625498,14
B-train-00603-q10,argmin,Tài sản Đã đối chiếu,336.0,"Tài sản Đã đối chiếu | 56 | 336 | 54 | 16,1% | B | 1.382 | Không phát sinh | 27,6%",0.15384615384615385,1,False,False,Tây Nguyên,595.0,"Tây Nguyên | 85 | 595 | 211 | 35,5% | B | 1.792",0.7692307692307693,1,True,259.0,0.43529411764705883,14
B-train-00606-q02,argmin,Khu vực đô thị,1994.0,"Khu vực đô thị | 3,3% | 81 | 01/04/2026 | 1.994 | 3.989 | HS7430",1.0,2,True,False,Khu vực miền núi,3087.0,Khu vực miền núi | 12.430 | 48.034 | 64 | 28/07/2026 | 3.087 | 6.046 Đã đối chiếu | HS1093,0.5,1,False,1093.0,0.35406543569808874,9
B-train-00606-q06,argmax,VT851 Đã đối chiếu,173.0,VT851 Đã đối chiếu | Máy chiếu | Cái | 173 | 8 | 8 | 173 | 8.789 | Không phát sinh | HS0833,0.7,1,False,True,VT947,168.0,VT947 | Ghế xoay | Ram | 168 | 63 | 66 | 165 | 6.831 | Đã đối chiếu | HS7431,0.4,1,False,5.0,0.02976190476190476,11
B-train-00608-q02,argmin,Điểm bán phía Bắc Đã đối chiếu,228.0,"Điểm bán phía Bắc Đã đối chiếu | 2027 | 487 | 351.614 | 4,3% | 228 | HS8344 | triệu đồng | 1.979",0.5882352941176471,1,False,False,Cửa hàng 01,643.0,"Cửa hàng 01 | 301 | 146 | 138.700 | 3,9% | 643 | HS4006 | 460",0.11764705882352941,4,False,415.0,0.645412130637636,18
B-train-00612-q10,argmax,Tây Nguyên,8157.0,"12E | 36 | 27 | 75,0% | 3.628 | 05/12/2026 | 8.157 | Chưa đủ chứng từ",0.3333333333333333,1,True,False,THPT Trần Phú,7382.0,THPT Trần Phú | 12C | 34 | 32 | 8.863 | 28/10/2026 | 7.382 | Đã đối chiếu,1.0,3,False,775.0,0.10498509888918992,13
B-train-00614-q10,argmax,Đà Nẵng,9529.0,Ổ cứng di động | Ram | 179 | 2 | 35 | 146 | 20/01/2026 | 6.367 Đã đối chiếu | HS8509 | 9.529 | 4.133,1.0,1,True,False,VT592,9031.0,VT592 | Mực máy in | Bộ | 34 | 120 Đã đối chiếu | 103 | 51 | 12/07/2026 | 124 | HS3879 | 9.031 | 5.770,0.07692307692307693,1,True,498.0,0.05514339497287122,14
B-train-00615-q02,argmin,Trạm Cao Nguyên Đã đối chiếu,1.7,"Trạm Cao Nguyên Đã đối chiếu | 13.939 | 1,7% | 390 | 7 | kWh | 7.451 | Không phát sinh | HS4799 | 454 | C",0.8181818181818182,1,False,False,Trạm Tây Đô,2.3,"Trạm Tây Đô | 15.004 | 2,3% | 658 Đã đối chiếu | 0 | kWh | 20,5% | 4.013 | Không phát sinh | HS2299 | 3.502 | A",0.7272727272727273,2,False,0.5999999999999999,0.26086956521739124,12
B-train-00615-q06,argmin,Nhà máy nước,1936.0,"Nhà máy nước | 3.940 Đã đối chiếu | 1.936 | 49,1% | Thủ tục | 3.411 | hồ sơ",0.6666666666666666,2,True,False,Cầu Đông Thành,2320.0,"Cầu Đông Thành | 8.040 | 2.320 | Mặt bằng | 1.156 | tấn | 8.966 | 11,3%",0.4166666666666667,2,False,384.0,0.16551724137931034,13
B-train-00617-q07,argmin,Hải Phòng,66.0,66 | 8 | 4 | 60 phút | tấn | 7.821,0.375,1,True,False,Mắt,108.0,Mắt | 108 | 18 | 12 | 19 phút | tấn | 2.774 | 16/07/2026 | A,0.5,1,False,42.0,0.3888888888888889,9
B-train-00632-q10,argmin,Sông Hồng,6.27,"Sông Hồng | 6,27 | 41 | 25 | Tốt | 9.590 | HS4918 | Đã đối chiếu | B | 9.763 | 2.415 | 11,4% Đã đối chiếu",0.0,1,False,True,Cửa biển Đà Nẵng,6.8,"Cửa biển Đà Nẵng | 6,80 | 59 | 44 | Chấp nhận | 3.255 | HS9389 | Đã đối chiếu | B | 7.150 | Đã kiểm tra",0.5,1,False,0.5300000000000002,0.07794117647058828,9
B-train-00634-q07,argmax,Nha Trang – Đà Lạt,98.2,"Nha Trang – Đà Lạt | 17 Đã đối chiếu | 663 | 98,2% | 141.219 | Điều chỉnh giờ | 891 | 7.690 | 7.436",0.6470588235294118,3,True,False,Hà Nội – Hải Phòng,97.1,"Hà Nội – Hải Phòng | 16 | 656 | 97,1% | 89.872 | Điều chỉnh giờ | 9.060 | 5.560 | 1.011 Đã đối chiếu",0.7058823529411765,4,False,1.1000000000000085,0.011328527291452199,18
B-train-00636-q01,argmax,Đồng bằng sông Cửu Long,9332.0,"23 Đã đối chiếu | 897 | 90,8% | 188.370 | Điều chỉnh giờ | 6.360 | hồ sơ | Điều chỉnh kỳ sau | 9.332 | 6.151 | B",1.0,1,True,True,Nha Trang – Đà Lạt,8872.0,"Nha Trang – Đà Lạt | 13 | 83,6% | 39.000 | Điều chỉnh giờ | 501 | triệu đồng | Điều chỉnh kỳ sau | 8.872",0.375,1,False,460.0,0.05184851217312895,9
B-train-00651-q02,argmax,Đồng Nai,6929.0,"37.909 | 36.754 | 2,0% | 78 | B | HS3848 | 6.929 | 173",0.8888888888888888,1,True,False,Khu vực miền núi,6118.0,"Khu vực miền núi | 40.296 | 76.517 Đã đối chiếu | 2,1% | 34 | Cần rà soát | HS2875 | 6.118 | 1.570",0.4444444444444444,2,False,811.0,0.13255966001961425,10
B-train-00656-q10,argmin,Đà Nẵng,313.0,"1.440 | 2.150 | 710 | 149,3% | 7.319 | 313 | 25/10/2026 | hồ sơ",0.375,1,True,False,Miền Trung,2383.0,Miền Trung | 2.610 | 2.160 | -450 | 8.853 | 2.383,0.75,2,False,2070.0,0.8686529584557281,9
B-train-00660-q04,argmax,Tây Nguyên,9297.0,"11 | 8 | 3 | -3 | 1.459 | HS2080 | 9.297 | 6,7% | Mức A | ưu tiên | Không phát sinh | triệu đồng",0.4444444444444444,1,True,False,Kinh doanh,8965.0,"Kinh doanh | 22 | 14 | 8 | -8 | HS9485 | 8.965 | 14,3% | 2.077 | Chưa đủ chứng từ | triệu đồng",0.0,2,True,332.0,0.03703290574456219,10
B-train-00662-q04,argmax,Miền Bắc,6770.0,Công ty Đông Á | 1.650 | 1.430 | Đã duyệt | 7.511 | 7.231 | 6.770 | 2.357 | B,0.9166666666666666,1,True,False,GT28,6308.0,GT28 | 1.250 | 1.140 | Chờ nghiệm thu | 1.418 Đã đối chiếu | 9.752 | 6.308 | 1.791 | B,0.08333333333333333,1,False,462.0,0.07324032974001268,13
B-train-00663-q01,argmax,Miền Bắc,8915.0,Mực máy in | Hộp | 23 | 37 | 4 | 56 | hồ sơ | 8.915 | 627,0.6923076923076923,1,True,False,VT282,8695.0,VT282 | Bàn làm việc | Bộ | 173 | 45 | 9 | 209 | hồ sơ | 8.695 | 4.409,0.23076923076923078,1,False,220.0,0.025301897642323174,14
B-train-00665-q07,argmin,Hành chính Đã đối chiếu,825.0,Hành chính Đã đối chiếu | 39 | -3 | 7.958 | kWh | 4.105 | 825 | HS4418,0.5,1,False,False,Kinh doanh,3359.0,Kinh doanh | 8 | 3 | 5 | -5 | 9.424 | triệu đồng | 8.172 | 3.359 | HS4046,0.75,1,False,2534.0,0.7543911878535279,9
B-train-00667-q06,argmin,Cần Thơ,252.0,"48.365 | 2,9% | 47 | kWh | 8.353 | 22/06/2026 | 252 | 3.257",0.8181818181818182,1,True,False,Cụm BTS-02,283.0,"Cụm BTS-02 | 51.221 | 55.999 | 2,6% | 34 | hồ sơ | 5.361 | 283 | 2.807",0.09090909090909091,2,False,31.0,0.10954063604240283,12
B-train-00668-q01,argmin,Cần Thơ,12.0,12 | 9 | 3 Đã đối chiếu | -3 | HS9004 | 09/11/2026 | 1.012 | 8.976 | 5.548 | Không phát sinh,0.125,1,True,True,Hành chính,15.0,Hành chính | 15 | 8 | 7 | -7 | HS5833 | 06/08/2026 | 6.141 | 7.208 | 5.286 | Không phát sinh,0.5,1,False,3.0,0.2,9
B-train-00668-q10,argmax,Cần Thơ,8976.0,12 | 9 | 3 Đã đối chiếu | -3 | HS9004 | 09/11/2026 | 1.012 | 8.976 | 5.548 | Không phát sinh,0.125,1,True,True,Kinh doanh,8294.0,Kinh doanh | 45 | 37 | -8 | Mức A | ưu tiên | 19/06/2026 | 3.760 Đã đối chiếu | 8.294 | 3.956 | Không phát sinh,0.75,1,False,682.0,0.08222811671087533,9
B-train-00670-q08,argmin,Sông Hồng Đã đối chiếu,401.0,"Sông Hồng Đã đối chiếu | 6,99 | 13 | 48 | Chấp nhận | HS1075 | Không phát sinh | 401 | 5.763 | 30,8% | 3.405 | 07/02/2026",0.1111111111111111,1,False,False,Cửa biển Đà Nẵng,826.0,"Cửa biển Đà Nẵng | 7,13 | 54 | 35 | Cần theo dõi | HS9982 | Đã đối chiếu | 826 | 6.929 | 19,8% | 1.422 | 17/04/2026",0.3333333333333333,4,False,425.0,0.5145278450363197,19
B-train-00673-q05,argmin,Miền Bắc Đã đối chiếu,-560.0,"Miền Bắc Đã đối chiếu | 2.020 | 1.460 | -560 | 72,3% | 1.849 | 6.806 | 985 | Điều chỉnh kỳ sau",0.4166666666666667,1,False,True,Đồng bằng sông Cửu Long,-450.0,"Đồng bằng sông Cửu Long | 1.600 | 1.150 | -450 | 71,9% | 2.082 | 7.375 | HS8297 | 3.714 | Không phát sinh | Cần rà soát",0.3333333333333333,2,False,110.0,0.24444444444444444,13
B-train-00676-q04,argmax,Cụm BTS-01,54731.0,"Cụm BTS-01 | 54.731 | 42.104 | 1,5% | 35 | 5.574 | HS1038 | C | Chưa đủ chứng từ",0.0,3,False,False,Khu vực ven biển,54031.0,"Khu vực ven biển | 54.031 | 9.726 | 2,6% | 17 | 3.894 | HS8255 | B | Không phát sinh",0.2,1,False,700.0,0.012955525531639244,11
B-train-00677-q03,argmax,Hải Phòng,159.0,"Mực máy in | Ram | 159 | 48 | 87 | 120 | 366 | 6.681 | 34,1% | C",0.1,1,True,False,VT759,156.0,"VT759 | Bàn làm việc | 156 | 94 | 134 | 116 | 9.521 | 846 | 10,1% Đã đối chiếu | Cần rà soát",0.3,1,False,3.0,0.019230769230769232,11
B-train-00679-q05,argmin,Tây Nguyên,6.0,114 | 6 | 2 | 17 phút | Chưa đủ chứng từ Đã đối chiếu | A | 22/03/2026 | HS4326 | 6.661,1.0,1,True,False,Nhi,7.0,Nhi | 386 | 7 | 1 | 62 phút | Mức A | ưu tiên | A | 11/05/2026 | HS5539 | 4.154,0.7272727272727273,2,False,1.0,0.14285714285714285,12
B-train-00681-q10,argmax,Kho Bình Dương,8375.0,"Kho Bình Dương | 91,2% | 402 | 139.590 | 5.531 | 8.375 | 06/05/2026 | 242",0.25,2,False,False,Đồng bằng sông Cửu Long,8083.0,"Đồng bằng sông Cửu Long | 1930 Đã đối chiếu | 86,1% | 635 | 8.517 | 8.083 | 03/12/2026 | 4.459",0.0,1,False,292.0,0.03612520103921811,9
B-train-00682-q09,argmax,Đà Lạt,6795.0,"Đà Lạt | 2.914 Đã đối chiếu | 6.795 | 19.418 | 63,4% | A | 17/01/2026 | 6.413 | HS7891",0.631578947368421,4,True,False,Phố cổ Hội An,6780.0,"Phố cổ Hội An | 12.810 | 6.780 | 58.770 | 94,9% | A | 16/01/2026 | 795 | HS1175",0.05263157894736842,4,False,15.0,0.0022123893805309734,20
B-train-00685-q10,argmax,Khánh Hòa,204.0,Mực máy in | Ram | 111 | 93 | 0 | 204 | 533 | Điều chỉnh kỳ sau | 6.862 | 6.350 | 25/03/2026,0.75,1,True,False,VT854,157.0,VT854 | Bàn làm việc | Cái | 145 | 50 | 38 | 157 | 4.573 | Đã đối chiếu | 9.334 | 7.697 | 15/11/2026,0.25,1,False,47.0,0.29936305732484075,13
B-train-00688-q05,argmin,Kinh doanh,1246.0,"Kinh doanh | 39 | 2 | tấn | 1.246 | Điều chỉnh kỳ sau | 1,4% | 2.255 | 16/11/2026",0.0,2,False,False,Miền Nam,1705.0,"Miền Nam | 22 | 17 Đã đối chiếu | 5 | -5 | tấn | 1.705 | Không phát sinh | 37,5% | Cần rà soát | 7.923 | 24/03/2026 Đã đối chiếu",0.7777777777777778,1,False,459.0,0.26920821114369503,10
B-train-00688-q09,argmax,Đà Nẵng,8001.0,"Lúa Đã đối chiếu | Mức A | ưu tiên | 2.160 | Tăng nhẹ | C | 26,5% | Không phát sinh | 8.001 | triệu đồng | HS9002",0.75,2,True,False,Hải Phòng,7735.0,"Hải Phòng | Thanh long | 769 | 3.076 | Ổn định | C | 11,2% | Không phát sinh | 7.735 | hồ sơ | HS6369 | 7.774",1.0,2,False,266.0,0.034389140271493215,9
B-train-00689-q09,argmax,Lâm Đồng,7461.0,Lâm Đồng | 829 | 7.461 | Đạt kế hoạch | Cần rà soát | 5.324 | 20/07/2026 | HS3328,0.7222222222222222,2,True,False,Cần Thơ,6768.0,Cần Thơ | Lúa | 846 | 6.768 | Ổn định | C | 2.381 | 06/06/2026 | HS0408,0.6666666666666666,2,False,693.0,0.1023936170212766,19
B-train-00690-q08,argmin,Miền Nam,87.6,"3.310 | 2.900 | -410 | 87,6% | 4.196 | 11/01/2026 | triệu đồng | 4.115",0.5555555555555556,3,True,False,Miền Trung,103.5,"Miền Trung | 4.600 | 4.760 | 160 | 103,5% | 8.639 | 22/08/2026 | triệu đồng | 8.020",0.6666666666666666,1,False,15.900000000000006,0.15362318840579717,10
B-train-00697-q09,argmin,Khu tái định cư,1010.0,"Khu tái định cư | 1.010 | 863 | 85,4% | Vật liệu Đã đối chiếu | 9.098 | C | HS8000 | 3.277 | 12/03/2026",1.0,1,False,False,Mức A | ưu tiên,2300.0,"Mức A | ưu tiên | 2.300 | 1.292 | 56,2% | Mặt bằng | 4.308 | Cần rà soát | HS9949 | 1.383 | 28/03/2026 Đã đối chiếu | Đã đối chiếu | 9.429",0.3333333333333333,1,False,1290.0,0.5608695652173913,10
B-train-00698-q09,argmax,Tây Nguyên Đã đối chiếu,35.4,"Tây Nguyên Đã đối chiếu | 1.020 | 1.580 | 560 | 154,9% | 1.597 | 1.628 | B | 35,4%",0.25,1,False,False,Miền Trung,32.2,"Miền Trung | 1.200 | 1.800 | 600 | 150,0% | 9.582 | 6.096 | B | 32,2%",0.9166666666666666,2,False,3.1999999999999957,0.0993788819875775,13
B-train-00701-q01,argmin,Sức khỏe,846.0,"Sức khỏe | 846 | 101 | 11,9% | 25,6% | 1.926 | 3.687 | 4.464 | 14/12/2026",0.5,3,True,False,Tai nạn con người,1351.0,"Tai nạn con người | 193 | 1.351 | 271 | 20,1% | 23,6% | 1.012 | 6.912 | 3.287 | 19/12/2026",0.4,1,False,505.0,0.3737971872686899,11
B-train-00702-q02,argmin,VT097 Đã đối chiếu,1.0,VT097 Đã đối chiếu | Mực máy in | Ram | 118 | 1 | 26 | 93 | 7.350 | 3.581,0.0,1,False,False,VT852,3.0,VT852 | Bàn làm việc | Bộ | 42 | 3 | 12 | 33 | 8.138 | 3.482,0.5882352941176471,1,False,2.0,0.6666666666666666,18
B-train-00704-q06,argmin,Miền Trung,206.0,"27 | 864 | 91,2% | 153.792 | Điều chỉnh giờ | 3.101 | 206 | 6.446 | HS8982",0.18181818181818182,1,True,False,Hà Nội – Hải Phòng,1260.0,"Hà Nội – Hải Phòng | 11 | 407 | 85,0% | 54.131 | Bình thường | 7.443 | 1.260 | 5.002 | HS4054",0.36363636363636365,3,False,1054.0,0.8365079365079365,12
B-train-00708-q02,argmax,Khánh Hòa,7378.0,"527 | 7.378 | 4.806 | 65,1% | Cần rà soát | 07/03/2026 | 8.824 | Không phát sinh | 37,2% | hồ sơ | HS0828",0.3333333333333333,1,True,False,Tai nạn con người,7084.0,"Tai nạn con người | 506 | 7.084 | 136 | 1,9% | A | 07/04/2026 | 6.142 | Chưa đủ chứng từ | 18,9% | triệu đồng | HS3868",0.75,1,False,294.0,0.041501976284584984,13
B-train-00711-q04,argmax,Phố cổ Hội An,23549.0,"Phố cổ Hội An | 23.549 | 273 | 166.754 | 85,4% | 10/02/2026 | 1.297 | 725 | C | Điều chỉnh kỳ sau | 6,1% | HS7691",0.1,2,False,False,Nha Trang,22696.0,"Nha Trang | 22.696 | 1.554 | 194.000 | 72,9% | 02/11/2026 | 4.358 | 3.883 | Cần rà soát Đã đối chiếu | Điều chỉnh kỳ sau | 36,9% | HS2079",0.3,1,False,853.0,0.037583715192104336,11
B-train-00718-q09,argmin,Miền Bắc,251.0,"3.270 | 3.840 | 570 | 117,4% | 6,6% | 251 | HS9956 | Đã đối chiếu | Cần rà soát | 6.610",0.7272727272727273,4,True,False,Miền Trung,1732.0,"Miền Trung | 4.780 | 5.000 | 220 | 104,6% | 3,4% | 1.732 | HS8498 | Điều chỉnh kỳ sau | B | 5.566",0.5454545454545454,2,False,1481.0,0.855080831408776,12
B-train-00724-q06,argmin,Miền Trung,-0.6,"Mức A | ưu tiên | 9.090 | 30 | -0,6% | 8.209 | 19/06/2026 | Đã kiểm tra",0.875,1,True,True,Đà Nẵng 01,-0.5,"Đà Nẵng 01 | 9.280 | 1.940 | 610 | -0,5% | 3.167 | 28/08/2026 | 8,7% | Chưa đủ chứng từ",0.25,1,False,0.09999999999999998,0.19999999999999996,9
B-train-00725-q10,argmax,Hưu trí,104.0,Hưu trí | 1649 Đã đối chiếu | 1549 Đã đối chiếu | 104 | 26.333 | B | HS1386 | 9.783 | triệu đồng | Đã đối chiếu | 8.540,0.0,2,False,False,Đà Nẵng,51.0,Đà Nẵng | 1919 | 1866 | 51 | 22.392 | C | HS9771 | 3.692 | tấn | 53 | Đã kiểm tra,0.375,1,False,53.0,1.0392156862745099,9
B-train-00727-q02,argmax,Miền Trung,9287.0,"125 | 15 | Mức A | ưu tiên | 19 phút | 4,1% | 7.932 | 9.287 | Đã đối chiếu Đã đối chiếu",0.38461538461538464,1,True,False,Mắt,8540.0,"Mắt | 171 | 21 | 5 | 29 phút | 19,3% | 8.540 | Điều chỉnh kỳ sau",0.7692307692307693,1,False,747.0,0.08747072599531616,14
B-train-00730-q03,argmax,Cần Thơ,34.2,"Công ty Nam Việt | 1.980 | 1.880 | Chờ nghiệm thu | 7.987 | HS3796 | Chưa đủ chứng từ | 34,2% | triệu đồng",0.9,1,False,True,GT11,28.5,"GT11 | Công ty Minh An | 1.320 | Chờ nghiệm thu | 5.842 | HS0571 | Chưa đủ chứng từ | 28,5% | lượt",1.0,1,False,5.700000000000003,0.2000000000000001,11
B-train-00741-q02,argmax,Khu tái định cư,8527.0,"Khu tái định cư | 3.222 | 55,9% | Mặt bằng | 8.527 | 3.640 | 1.235 | lượt",0.6923076923076923,1,False,False,Cầu Đông Thành,7531.0,"Cầu Đông Thành | 6.690 | 6.168 | 92,2% | Không | 7.531 | 1.059 | 5.666 | hồ sơ",0.38461538461538464,2,False,996.0,0.13225335280839198,14
B-train-00754-q02,argmin,Cửa hàng 01 Đã đối chiếu,547.0,"Cửa hàng 01 Đã đối chiếu | Mức A | ưu tiên | 158 | 32.706 | 4,4% | A | 1.203 | HS5471 | 547 | 1.953",0.0,1,False,False,Cửa hàng 02,1537.0,"Cửa hàng 02 | 4691 | 1557 | 649.269 | 1,0% | C | HS2190 | 1.537 | 6.450",0.6,2,False,990.0,0.6441119063109955,11
B-train-00754-q08,argmax,Lâm Đồng,9092.0,"8,37 | 80 | 21 | Chấp nhận | HS5042 | 17/05/2026 | Không phát sinh | 9.092 | 14,8%",0.9090909090909091,1,True,False,KCN Long Thành,8766.0,"KCN Long Thành | 8,29 | 75 | 28 | Cần theo dõi | HS3170 | 14/04/2026 | Chưa đủ chứng từ | 8.766 | 20,4%",0.7272727272727273,1,False,326.0,0.03718913985854438,12
B-train-00757-q03,argmin,TP.HCM – Cần Thơ,82.1,"TP.HCM – Cần Thơ | 20 Đã đối chiếu | 420 | 82,1% | 75.180 | Bình thường | 16,0% | C | 8.404 | triệu đồng",0.75,2,True,False,Đà Nẵng – Huế,84.2,"Đà Nẵng – Huế | 30 | 1.200 | 84,2% | 214.800 | Tăng chuyến | 31,7% | B | 2.324 | hồ sơ | Đã kiểm tra",0.625,1,False,2.1000000000000085,0.02494061757719725,9
B-train-00762-q07,argmin,Kho trung chuyển,149.0,"Kho trung chuyển | 4540 Đã đối chiếu | 83,2% | 149 | 54.480 | hồ sơ | 3.334 | 3.714 | 4,2% | 1.014 | A",0.4,2,False,False,Kho Bình Dương,170.0,"Kho Bình Dương | 4022 | 93,2% | 170 | 257.408 | triệu đồng | 8.060 | 3.882 | 6,1% | 4.329 | Cần rà soát",0.2,1,True,21.0,0.12352941176470589,11
B-train-00765-q02,argmax,Nha Trang,18695.0,"Nha Trang | 18.695 | 6.139 | 49.668 | 91,0% | 9.045 | HS8936 | Đã kiểm tra",0.8888888888888888,2,True,False,Phú Quốc,16036.0,"Phú Quốc | 16.036 | 1.865 | 53.703 | 49,0% | 8.207",1.0,1,False,2659.0,0.1658144175604889,10
B-train-00771-q05,argmin,Nội tổng hợp,64.0,Nội tổng hợp | 64 | 5 | 10 | 50 phút | 3.627 | triệu đồng | Đã đối chiếu | 6.263 | HS8476 | Cần rà soát,0.0,2,False,False,Nhi,71.0,Nhi | 71 | 5 | 5 | 60 phút | 4.454 | hồ sơ | Chưa đủ chứng từ | 230 | HS4893 | C,0.7272727272727273,1,False,7.0,0.09859154929577464,12
B-train-00773-q05,argmax,Đồng bằng sông Cửu Long,1982.0,"2018 | 1982 | 36 | 13.874 | 3.691 | 1,0%",0.75,1,False,False,Thất nghiệp,1770.0,"Thất nghiệp | 1888 | 1770 | 103 | 26.550 | 3.777 | HS9835 | 33,8% | hồ sơ | 06/09/2026 | Chưa đủ chứng từ",0.125,1,False,212.0,0.11977401129943503,9
B-train-00773-q09,argmin,Sông Hồng,5.87,"Sông Hồng | 5,87 | 76 | 33 | Chấp nhận | 1.405 | kWh | A",0.0,2,False,False,Hồ Xuân Hương,5.91,"Hồ Xuân Hương | 5,91 | 55 | 17 | 2.620 | 5.741 | Đã kiểm tra",0.2222222222222222,1,False,0.040000000000000036,0.006768189509306266,10
B-train-00774-q03,argmax,GT42 Đã đối chiếu,8677.0,GT42 Đã đối chiếu | Hợp tác xã Thành Công | 830 | 630 | Đang thực hiện | tấn Đã đối chiếu | 8.677 | Đã kiểm tra,0.25,1,False,False,GT94,8051.0,GT94 | Công ty Việt Phát | 1.730 | 1.510 | Đã duyệt | triệu đồng | 8.051,0.375,1,False,626.0,0.07775431623400819,9
B-train-00778-q06,argmax,Đà Nẵng,9370.0,"3.110 | 9.370 | 90 | 11,3% | Đã đối chiếu | 1.292 | HS1959 | A | Đã kiểm tra",0.08333333333333333,1,True,False,Đà Nẵng 01,9070.0,"Đà Nẵng 01 | 4.220 | 9.070 | 30 | -1,8% | Không phát sinh | 3.285 | HS5989 | C | kWh | 19/12/2026",1.0,3,False,300.0,0.03307607497243661,13
B-train-00781-q10,argmin,Hưu trí,7.0,Hưu trí | 894 Đã đối chiếu | 871 | 7 | 13.065 | 8.981 | 3.477 | A | tấn | 4.212,0.3125,4,True,False,Ốm đau,12.0,Ốm đau | 1707 | 1671 | 12 | 3.342 | 5.328 | 5.427 | C | triệu đồng | 5.157,0.4375,3,False,5.0,0.4166666666666667,17
B-train-00782-q05,argmin,Đà Lạt,48.1,"Đà Lạt | 18.288 Đã đối chiếu | 3.649 | 175.496 | 48,1% | HS2695 | Điều chỉnh kỳ sau | 5.742 | triệu đồng | 8,1%",0.9230769230769231,3,True,False,Nha Trang,55.7,"Nha Trang | 21.671 | 2.295 | 47.932 | 55,7% | Không phát sinh | tấn | 14,8%",1.0,3,False,7.600000000000001,0.13644524236983843,14
B-train-00785-q03,argmax,Khánh Hòa,873.0,"Khánh Hòa | 873 | 6.984 | Theo dõi sâu bệnh | 17,4% | Cần rà soát | HS0616 | lượt | 07/07/2026",0.7692307692307693,2,True,False,Lâm Đồng,847.0,"Lâm Đồng | Cà phê | 847 | 3.388 | Theo dõi sâu bệnh | 6,9% | Cần rà soát | HS5782 | lượt | 16/09/2026",1.0,2,False,26.0,0.030696576151121605,14
B-train-00786-q08,argmin,Cần Thơ,272.0,Ghế xoay | Ram | 151 | 29 | 94 | 86 | Không phát sinh | 272 | C,0.4,1,True,False,VT318,1627.0,VT318 | Bộ | 113 | 52 | 75 | 90 | Chưa đủ chứng từ | 1.627 | B,0.7,1,False,1355.0,0.832821143208359,11
B-train-00789-q05,argmax,Cửa hàng 01,9435.0,"Cửa hàng 01 | 574 | 500.528 | 0,8% | 26/09/2026 | 5.653 | Cần rà soát | 9.435 | Đã đối chiếu | 3.743 | kWh",0.38461538461538464,2,False,False,Siêu thị trung tâm,9175.0,"Siêu thị trung tâm | 3423 | 1304 | 575.064 | 5,4% | 25/07/2026 | 5.414 | Cần rà soát | 9.175 | Chưa đủ chứng từ | 514 | hồ sơ",0.9230769230769231,3,False,260.0,0.028337874659400544,14
B-train-00792-q08,argmin,Khánh Hòa,679.0,"1.120 | 1.350 | 230 | 120,5% | 9.688 | HS9814 | 2.215 | Chưa đủ chứng từ | 5.857 | 679",0.1111111111111111,1,False,True,Miền Trung,798.0,"Miền Trung | 4.300 Đã đối chiếu | 4.100 | 95,3% | 1.154 | HS2655 | 6.395 | Đã đối chiếu | 8.658 | 798",0.6666666666666666,1,False,119.0,0.14912280701754385,10
B-train-00797-q07,argmin,GT77 Đã đối chiếu,2.2,"GT77 Đã đối chiếu | Hợp tác xã Thành Công | 1.150 | 1.050 | Chờ nghiệm thu | tấn | Không phát sinh | 9.012 | 6.545 | B | 2,2% | 25/01/2026",0.7777777777777778,1,False,False,GT21,8.7,"GT21 | Công ty Việt Phát | 880 | 690 | Mức A | ưu tiên | tấn | Không phát sinh | 4.503 | 1.526 | B | 8,7% | 18/02/2026",0.8888888888888888,1,False,6.499999999999999,0.7471264367816092,10
B-train-00799-q04,argmin,Đường vành đai Đã đối chiếu,17.0,"Đường vành đai Đã đối chiếu | 23.250 | 3.954 | 17,0% | Vật liệu | C | lượt | Đã kiểm tra",0.6666666666666666,1,False,False,Nhà máy nước,26.8,"Nhà máy nước | 26,8% | Mặt bằng | C | hồ sơ | 4.794 | Điều chỉnh kỳ sau",0.3333333333333333,1,False,9.8,0.3656716417910448,10
B-train-00804-q03,argmax,Ngoại,471.0,"Ngoại | 471 | 42 | 6 | 33 phút | 3,5% | HS1487 | Điều chỉnh kỳ sau | Cần rà soát",0.07692307692307693,3,False,False,Nhi,465.0,"Nhi | 465 | 24 | 12 | 36,3% | HS3944 | Điều chỉnh kỳ sau | Cần rà soát",0.6153846153846154,1,False,6.0,0.012903225806451613,14
B-train-00805-q02,argmin,Hải Phòng 02,2000.0,"Hải Phòng 02 | 2.000 | 5.620 | 130 | 15,9% | Không phát sinh | HS6331 | 15/10/2026 | 31,2%",0.6,2,True,False,Cần Thơ 02,3580.0,"Cần Thơ 02 | 3.580 | 8.150 | 170 | 3,1% | Đã đối chiếu | HS3795 | 26/08/2026 | 26,0%",0.4,1,False,1580.0,0.441340782122905,11
B-train-00808-q03,argmax,Hà Nội,8141.0,"Ổ cứng di động | Hộp | 88 | 66 | 94 | 8.141 | 17,3%",0.5555555555555556,1,True,False,VT284,7770.0,"VT284 | Bàn làm việc | 82 | 50 | 88 | 44 | 7.770 | 21,0%",0.3333333333333333,1,False,371.0,0.047747747747747746,10
B-train-00808-q04,argmin,Trạm 110kV Bắc,3.6,"Trạm 110kV Bắc | 5.611 Đã đối chiếu | 8,3% | 445 | 6 | 4.908 | Không phát sinh | A | 3,6% | 7.596 | 2.756",0.0,2,False,False,Trạm Tây Đô,18.1,"Trạm Tây Đô | 15.234 | 4,2% | 594 | 3 | 4.426 | Điều chỉnh kỳ sau | triệu đồng | B | 18,1% | 210",1.0,1,False,14.500000000000002,0.8011049723756907,9
B-train-00811-q04,argmin,Miền Trung,13.5,"2.970 | 402 | 13,5% | Vật liệu | 18,2% | HS6639 | tấn | Chưa đủ chứng từ | 5.496 | 08/11/2026 | 968",1.0,1,True,False,Cầu Đông Thành,38.0,"Cầu Đông Thành | 26.600 | 10.120 | 38,0% | Vật liệu | 30,9% | HS9114 | Mức A | ưu tiên | Điều chỉnh kỳ sau | 1.489 | 04/12/2026 | 2.645",0.4166666666666667,3,False,24.5,0.6447368421052632,13
B-train-00819-q02,argmin,Phú Quốc Đã đối chiếu,1268.0,"Phú Quốc Đã đối chiếu | 6.604 | 738 | 58.736 | 49,0% | 270 | 8.643 | 1.268 | kWh | 4.081 | 19,8% | 20/06/2026",0.4444444444444444,1,False,False,Đà Lạt,1750.0,"Đà Lạt | 6.335 | 6.001 Đã đối chiếu | 37.008 | 82,7% | 5.062 | 3.890 | 1.750 | triệu đồng | 633 | 27,0% | 13/05/2026",0.2222222222222222,2,False,482.0,0.2754285714285714,10
B-train-00819-q03,argmin,Phú Quốc Đã đối chiếu,49.0,"Phú Quốc Đã đối chiếu | 6.604 | 738 | 58.736 | 49,0% | 270 | 8.643 | 1.268 | kWh | 4.081 | 19,8% | 20/06/2026",0.4444444444444444,1,False,False,Vịnh Hạ Long,52.4,"Vịnh Hạ Long | 2.415 | 1.255 | 14.680 | 52,4% | 2.288 | 3.804 | 3.660 | tấn | 8.721 | Đã kiểm tra",0.5555555555555556,1,False,3.3999999999999986,0.06488549618320608,10
B-train-00822-q06,argmin,Miền Nam,2569.0,"Công ty Minh An | 2.070 | 1.900 | Mức A | ưu tiên | 26/12/2026 | Điều chỉnh kỳ sau | 1.130 | 12,2% | 2.569",1.0,1,True,False,GT28,2964.0,GT28 | Công ty Việt Phát | 820 Đã đối chiếu | 640 | Đã duyệt | 01/08/2026 Đã đối chiếu | Chưa đủ chứng từ | 3.900 | 2.964,0.3,1,False,395.0,0.13326585695006748,11
B-train-00826-q03,argmin,Đà Nẵng 01 Đã đối chiếu,0.7,"Đà Nẵng 01 Đã đối chiếu | 9.110 | 1.930 | 10,8% | 6.398 | 6.201 | 0,7% | lượt | Đã đối chiếu | 9.308",0.18181818181818182,1,False,False,Khánh Hòa 03,2.6,"Khánh Hòa 03 | 7.290 | 7.550 | 140 | 12,0% | 5.026 | 350 | HS0114 | 2,6% | triệu đồng | Không phát sinh | 6.472",0.7272727272727273,1,False,1.9000000000000001,0.7307692307692308,12
B-train-00830-q01,argmax,Cần Thơ,34.1,"5837 | 80,0% | 732 | 75.881 | 34,1% | 4.051 | HS3564 | 5.710",0.5,1,True,True,Kho Bình Dương,28.6,"Kho Bình Dương | 618 | 90,8% | 141 | 6.798 | 28,6% | 4.811 | HS4308 | 2.117 | 7.372 | Không phát sinh",0.25,1,False,5.5,0.1923076923076923,9
B-train-00830-q08,argmax,Cần Thơ,732.0,"5837 | 80,0% | 732 | 75.881 | 34,1% | 4.051 | HS3564 | 5.710",0.5,1,True,True,Kho Bình Dương,663.0,"Kho Bình Dương | 5541 | 89,9% | 663 | 360.165 | 21,7% Đã đối chiếu | 5.929 | HS8358 | 3.849 | 4.220 | Chưa đủ chứng từ",0.875,2,False,69.0,0.10407239819004525,9
B-train-00832-q01,argmin,Đồng Nai,1388.0,42 | 39 | 3 | -3 | 1.388 | triệu đồng | 3.440 | 19/07/2026 | HS3529,0.9230769230769231,1,True,False,Vận hành,3770.0,Vận hành | 31 | 30 | -1 | 3.770 | lượt | 7.482 | 03/02/2026 | HS9623,0.6153846153846154,2,False,2382.0,0.6318302387267904,14
B-train-00835-q10,argmin,Hải Phòng,330.0,20.208 | 1.606 | 174.512 | 330 | 5.123 | 4.481 | 13/07/2026,1.0,1,True,True,Vịnh Hạ Long,2781.0,"Vịnh Hạ Long | 6.358 | 5.554 | 35.736 | 62,7% | 2.781 | 7.431 | 6.643 | 12/07/2026",0.0,3,False,2451.0,0.8813376483279396,14
B-train-00836-q04,argmin,Hà Nội,2.0,Mực máy in | Ram | 88 | 2 | 85 | 5 | 1.679 | Chưa đủ chứng từ | 2.004 | C,0.75,1,True,False,VT876,29.0,VT876 | Bộ Đã đối chiếu | 92 | 29 | 4 | 117 | 6.389 | Không phát sinh | 9.376 | C,0.8333333333333334,1,False,27.0,0.9310344827586207,13
B-train-00837-q01,argmin,Trạm 110kV Bắc,4.1,"Trạm 110kV Bắc | 7,3% | 214 | 2 | 4,1% | Đã đối chiếu | A | 2.385 | HS6009 | 3.831",0.35714285714285715,3,True,False,Trạm Cao Nguyên,12.0,"Trạm Cao Nguyên | 16.422 | 7,4% | 250 | 0 | 12,0% | Chưa đủ chứng từ | A | 6.174 | 9.956",1.0,3,False,7.9,0.6583333333333333,15
B-train-00841-q02,argmax,Miền Bắc Đã đối chiếu,9553.0,"Miền Bắc Đã đối chiếu | 4.450 | 5.040 | 590 | 113,3% | 8.334 | 9.553 | tấn | 21/03/2026 | 4,0% | Đã đối chiếu",0.5,1,False,True,Miền Nam,9354.0,"Miền Nam | 940 | -600 | 36,2% | 5.733 | 9.354 | hồ sơ | 27/10/2026",0.2,2,False,199.0,0.02127432114603378,11
B-train-00842-q06,argmax,Cửa biển Đà Nẵng Đã đối chiếu,9450.0,"Cửa biển Đà Nẵng Đã đối chiếu | 7,96 Đã đối chiếu | 31 | 30 | Vượt ngưỡng | HS0119 | 9.450 | 4.401 | 4.330 | Chưa đủ chứng từ | Cần rà soát | lượt",0.5,1,False,False,Sông Hương,8959.0,"Sông Hương | 7,89 | 18 | 28 | Cần theo dõi | HS5087 | 8.959 | 1.678 | 681 | Chưa đủ chứng từ | B | kWh",0.75,1,False,491.0,0.054805223797298804,9
B-train-00843-q01,argmax,Miền Trung,8979.0,"44 | 45 | 0 | +1 | 8.979 | 1,5% | HS9551 | Chưa đủ chứng từ | kWh | 204 | B",0.1,1,True,False,Kinh doanh,7935.0,"Kinh doanh | 31 | 28 | -3 | 7.935 | 31,9% | HS8571 | Đã đối chiếu | tấn | 5.632 | Cần rà soát",0.6,1,False,1044.0,0.13156899810964084,11
B-train-00844-q02,argmin,Kho Bình Dương,729.0,"Kho Bình Dương | 92,9% Đã đối chiếu | 920 | 351.000 | 204 Đã đối chiếu | 729",0.2222222222222222,2,False,True,Kho Hà Nội,748.0,"Kho Hà Nội | 4578 | 85,8% | 385 | 91.560 | 693 | 748 | 1.650 | hồ sơ Đã đối chiếu",0.5555555555555556,2,False,19.0,0.02540106951871658,10
B-train-00851-q10,argmin,Đường vành đai Đã đối chiếu,837.0,"Đường vành đai Đã đối chiếu | 4.080 | 837 | 20,5% | Không | 3.307 | Cần rà soát | Không phát sinh | 6.190 | 12,2% | 6.994 | kWh",0.75,1,False,False,Nhà máy nước,3022.0,"Nhà máy nước | 3.022 | 16,8% | Vật liệu | Không phát sinh | 1.450 | 34,3% | 4.008 | tấn",1.0,1,False,2185.0,0.7230311052283256,9
B-train-00855-q05,argmax,Ngoại,403.0,Ngoại | 403 | 37 | 7 | 33 phút | Cần rà soát | 7.340 | 8.322 | Đã đối chiếu | HS0315,0.875,2,True,True,Mắt,362.0,Mắt | 362 | 60 | 5 | Mức A | ưu tiên | Cần rà soát | 6.601 | 5.640 | Điều chỉnh kỳ sau | HS7177,0.5,1,False,41.0,0.1132596685082873,9
B-train-00860-q03,argmin,Tây Nguyên,-1.8,"7.030 | 1.800 | 420 | -1,8% | Chưa đủ chứng từ | 119 | triệu đồng | A | 27/10/2026 | HS4874",0.4166666666666667,1,False,False,Đà Nẵng 01,6.2,"Đà Nẵng 01 | 4.700 | 7.210 | 260 | 6,2% | Đã đối chiếu | 377 | kWh | 37,5% | B | 28/04/2026 | HS7781",1.0,2,False,8.0,1.2903225806451613,13
B-train-00861-q03,argmax,Công nghệ,37.2,"Công nghệ | 31 | 6 | -6 | C | 37,2% | hồ sơ | 3.951 | 6.704 | 2.829 | HS4322",0.25,2,False,False,Chăm sóc khách hàng,35.1,"Chăm sóc khách hàng | 44 | 38 | 6 | -6 | B | 35,1% | triệu đồng | 706 | 7.587 | Đã kiểm tra",0.9166666666666666,1,False,2.1000000000000014,0.059829059829059866,13
B-train-00862-q02,argmin,Sông Hồng,8.0,"Sông Hồng | 7,77 Đã đối chiếu | 8 | 7 | Tốt | 5.097 | HS2699 | 9.419 | 10/03/2026 | 3,0% | C | 6.256",0.5555555555555556,4,True,False,Hồ Xuân Hương,16.0,"Hồ Xuân Hương | 5,82 | 16 | 26 | Chấp nhận | 4.410 | HS0205 | 1.475 | 04/06/2026 | 19,2% | Cần rà soát | 8.163",0.6666666666666666,4,False,8.0,0.5,19
B-train-00867-q01,argmin,THPT Nguyễn Trãi,783.0,"THPT Nguyễn Trãi | 12A | 25 Đã đối chiếu | 25 | 100,0% | kWh | 7.193 | 783 | 27,8% | Chưa đủ chứng từ",0.2631578947368421,4,True,False,THPT Trần Phú,830.0,"THPT Trần Phú | 12C | 40 | 33 | 82,5% | 9.645 | 830 | 26,4% | Đã đối chiếu",0.8947368421052632,4,False,47.0,0.056626506024096385,20
B-train-00868-q01,argmin,Đồng bằng sông Cửu Long,16.0,Ghế xoay | Hộp | 62 | 16 | 19 | 59 | Cần rà soát | 9.389 | 8.545,0.4,1,True,False,VT348,20.0,VT348 | Máy quét tài liệu | Hộp | 42 | 20 | 16 | 46 | 2.188 | 4.065,1.0,1,False,4.0,0.2,11
B-train-00872-q10,argmax,Xe cơ giới,701.0,"Xe cơ giới | 701 | 6.309 | 2.431 | 38,5% | 347 | 552 | 8.777",0.5454545454545454,3,True,False,Khánh Hòa,669.0,"Khánh Hòa | 669 | 6.021 | 1.720 | 28,6% | 244 | 13/05/2026 | Đã kiểm tra",0.2727272727272727,1,False,32.0,0.04783258594917788,12
B-train-00877-q05,argmax,Khánh Hòa,32070.0,2182 | 35 | 32.070 | hồ sơ | C | 1.779 | 12/06/2026 | 6.235 | HS3606 | Điều chỉnh kỳ sau,0.4444444444444444,1,True,False,Thai sản,19642.0,Thai sản | 1403 | 41 | 19.642 | hồ sơ | C | 7.712 | 19/05/2026,0.8888888888888888,1,False,12428.0,0.6327257916709093,10
B-train-00885-q03,argmin,Kho trung chuyển,1496.0,"Kho trung chuyển | 83,5% | 91 | 56.376 | 5.773 | kWh | 19/07/2026 | 3.569 | 1.496 | Mức A | ưu tiên | B",0.3333333333333333,2,False,False,Kho Đà Nẵng,2232.0,"Kho Đà Nẵng | 1326 | 89,0% | 450 | 27.846 | 6.813 | triệu đồng | 11/11/2026 | 6.476 | 2.232 | Đã kiểm tra",0.9166666666666666,3,False,736.0,0.32974910394265233,13
B-train-00885-q06,argmax,Cần Thơ,9684.0,"4563 | 85,4% | 651 | 260.091 | 1.873 | hồ sơ | 20/01/2026 | 9.684 | 7.658 | 6.634 | A",0.6666666666666666,1,False,False,Kho Hà Nội,7178.0,"Kho Hà Nội | 2400 | 91,4% | 863 | 36.000 | 9.833 | hồ sơ | 09/09/2026 | 7.178 | 3.876 | 5.181 | C",0.8333333333333334,2,True,2506.0,0.34912231819448314,13
B-train-00885-q07,argmax,Đà Nẵng – Huế,339416.0,"Đà Nẵng – Huế | 1.672 | 92,5% | 339.416 | Tăng chuyến | 6.882 | 7.249 | 3.829 | HS5032",0.5555555555555556,2,False,False,TP.HCM – Cần Thơ,242880.0,"TP.HCM – Cần Thơ | 44 | 1.760 | 91,2% | 242.880 | Tăng chuyến | 3.806 | 8.527 | Đã kiểm tra",0.2222222222222222,2,False,96536.0,0.39746376811594203,10
B-train-00887-q06,argmax,Khánh Hòa,510.0,"7.520 | 5.210 | 510 | 16,8% | C | 06/04/2026 | 6.269",0.6363636363636364,1,True,False,Cần Thơ 02,500.0,"Cần Thơ 02 | 7.880 | 500 | 4,9% | B | Điều chỉnh kỳ sau | 13/03/2026 | 7.013",0.8181818181818182,1,False,10.0,0.02,12
B-train-00889-q04,argmin,Đà Nẵng – Huế Đã đối chiếu,341.0,"Đà Nẵng – Huế Đã đối chiếu | 27 | 999 | 83,4% | 195.804 | Điều chỉnh giờ | 28/11/2026 | 38,0% | 6.344 | hồ sơ | 341 | HS5133",0.08333333333333333,1,False,True,Hà Nội – Hải Phòng,2194.0,"Hà Nội – Hải Phòng | 31 | 558 | 83,5% | 72.540 | Tăng chuyến | 09/04/2026 | 11,8% | 9.198 | tấn | 2.194 | HS4707",1.0,3,False,1853.0,0.8445761166818596,13
B-train-00894-q07,argmax,Cầu Đông Thành,28150.0,"Cầu Đông Thành | 28.150 | 3.532 | 12,5% | Không | A | tấn | 394 | HS4881 | 6.160 Đã đối chiếu | 36,0% | Không phát sinh",0.625,2,True,False,Trường liên cấp,24600.0,Trường liên cấp | 24.600 | 20.272 | Mặt bằng | Cần rà soát | triệu đồng | HS8789 | 6.979 | Mức A | ưu tiên | Chưa đủ chứng từ,0.25,1,False,3550.0,0.1443089430894309,9
B-train-00897-q06,argmin,Đồng Nai,375.0,"15 | 375 | Mức A | ưu tiên | 73.500 | Tăng chuyến | 3.116 | 1.940 | Không phát sinh | B | 6,2%",0.8,1,True,False,Nha Trang – Đà Lạt,494.0,"Nha Trang – Đà Lạt | 13 | 494 | 87,2% | 75.088 | Tăng chuyến | 7.801 | 3.364 | Đã kiểm tra",0.3,1,False,119.0,0.2408906882591093,11
B-train-00899-q06,argmin,Miền Bắc,656.0,"Miền Bắc | 2.450 Đã đối chiếu | 2.710 | 260 | 110,6% | 656 | Đã đối chiếu | 1.963 | 11,4% | HS9991 | A | 19/11/2026",0.5555555555555556,1,False,False,Miền Trung,2242.0,"Miền Trung | 4.710 | 4.780 | 70 | 101,5% | 2.242 | Điều chỉnh kỳ sau | 2.509 | 31,8% | HS0117 | B | 07/02/2026",0.1111111111111111,2,True,1586.0,0.7074041034790366,10
B-train-00908-q10,argmin,Kho Bình Dương,0.0,"Kho Bình Dương | 91,6% | 0 | 120.024 | 5.815 | HS6522 | 1.073 | Cần rà soát | 22/11/2026",0.75,3,True,False,Kho Đà Nẵng,132.0,"Kho Đà Nẵng | 2203 | 93,3% | 132 | 88.120 | 9.345 | HS8065 | 1.331 | C | 22/08/2026",0.6875,4,False,132.0,1.0,17
B-train-00910-q06,argmin,Trạm 110kV Bắc,1.4,"Trạm 110kV Bắc | 1.638 Đã đối chiếu | 1,4% | 541 | 0 | Không phát sinh | 9.582 | 311 | A | Đã kiểm tra",0.4166666666666667,2,True,False,Trạm Tây Đô,3.4,"Trạm Tây Đô | 2.663 | 3,4% | 653 | 4 | Không phát sinh | 9.672 | 3.557 | Cần rà soát | HS1030 | 466",0.6666666666666666,2,False,2.0,0.5882352941176471,13
B-train-00912-q05,argmax,Khánh Hòa,9713.0,"93.368 | 2,0% | 65 | 28/06/2026 | triệu đồng | 9.713 | Cần rà soát | Chưa đủ chứng từ",0.6,1,True,False,Mức A | ưu tiên,8833.0,"Mức A | ưu tiên | 34.133 | 98.562 | 0,6% | 61 | 19/07/2026 | hồ sơ | 8.833",0.9,1,True,880.0,0.099626400996264,11
B-train-00918-q02,argmax,Hà Nội 01,9340.0,"Hà Nội 01 | 9.340 | 4.020 | 700 | 9,3% | 19,8% | 24/07/2026",0.38461538461538464,3,True,False,Khánh Hòa 03,8900.0,"Khánh Hòa 03 | 8.900 | 7.230 | 700 | 5,7% | 14,8% | 13/07/2026 | C | HS1077",0.6153846153846154,1,False,440.0,0.04943820224719101,14
B-train-00919-q05,argmin,Đồng bằng sông Cửu Long,384.0,"12D | 28 | 17 | 60,7% | 1.609 | triệu đồng | 6.180 | 384 | HS0845 | Chưa đủ chứng từ",0.25,1,True,False,THPT Trần Phú,1385.0,"THPT Trần Phú | 12C | 47 | 35 | 74,5% | 8.770 | B | hồ sơ | 8.662 | 1.385 | HS6446 | Đã đối chiếu",1.0,2,False,1001.0,0.7227436823104693,13
B-train-00921-q10,argmin,Kho trung chuyển Đã đối chiếu,217.0,"Kho trung chuyển Đã đối chiếu | 5309 | 89,9% | 217 | 164.579 | Cần rà soát | 6.156 | 26/07/2026 | Không phát sinh | HS8150 | 5.531 | 20,1%",0.4,1,False,False,Kho Hà Nội,254.0,"Kho Hà Nội | 2092 | 83,4% | 254 | 35.564 | B | 8.241 | 13/06/2026 | Đã đối chiếu | HS3606 | 507 | 14,1%",0.0,2,False,37.0,0.14566929133858267,11
B-train-00922-q05,argmax,Sông Hương,8.25,"Sông Hương | 8,25 | 85 Đã đối chiếu | 18 | Tốt | 7.710 | A | lượt | HS5040 | 5.947",0.5,3,True,False,Đồng bằng sông Cửu Long,8.08,"Đồng bằng sông Cửu Long | 8,08 | 22 | 47 | Vượt ngưỡng Đã đối chiếu | 101 | B | Chưa đủ chứng từ | HS3114 | 162",0.3333333333333333,1,False,0.16999999999999993,0.02103960396039603,13
B-train-00927-q01,argmax,Hà Nội,2430.0,2.430 | 2.310 | Đã duyệt | 14/07/2026 | B | lượt | Điều chỉnh kỳ sau | 3.709 | 7.888 | HS8107,0.3,1,True,False,GT43,2180.0,GT43 | Công ty Nam Việt | 2.180 | 1.960 | Chờ nghiệm thu | 13/06/2026 | B | lượt | Chưa đủ chứng từ | 1.717 | 5.428 | 724 | HS2389,0.4,1,False,250.0,0.11467889908256881,11
B-train-00928-q02,argmin,Khu vực ven biển Đã đối chiếu,15.0,"Khu vực ven biển Đã đối chiếu | 50.647 | 0,6% | 15 | 2.885 | tấn | 24/05/2026 | 2.317 | 5.114 | 9.460 | Cần rà soát | HS2049 | Không phát sinh",0.9230769230769231,1,False,True,Cụm BTS-01,19.0,"Cụm BTS-01 | 32.541 | 65.006 | 2,2% | 19 | 5.439 | hồ sơ | 09/01/2026 | 9.803 | 8.194 | 1.393 | C | HS0414",0.7692307692307693,2,False,4.0,0.21052631578947367,14
B-train-00929-q03,argmin,Miền Nam,700.0,"Mức A | ưu tiên | 27 | 3 | Cần theo dõi | 2.244 | 5,9% | 700 | 543 | HS7178",0.9090909090909091,1,True,False,Sông Hồng,1277.0,"Sông Hồng | 6,83 | 55 | 44 | Vượt ngưỡng | 1.177 | 22,6% | 1.277 | 4.027 | HS2689",0.0,2,False,577.0,0.45184025058731403,12
B-train-00929-q06,argmin,Hồ Xuân Hương,135.0,"Hồ Xuân Hương | 7,62 Đã đối chiếu | 49 | 25 | Tốt | 135 | 14,9% | 4.792",0.6363636363636364,2,True,False,Sông Hồng,185.0,"Sông Hồng | 5,88 | 11 | 18 | Cần theo dõi | 185 | 6,2% | 5.209 | 6.517 | HS4481",0.45454545454545453,2,False,50.0,0.2702702702702703,12
B-train-00930-q10,argmax,Cửa biển Đà Nẵng,9111.0,"Cửa biển Đà Nẵng | 7,35 Đã đối chiếu | 87 | 38 | Chấp nhận | 8.131 | 8.654 | C | 9.111 | Chưa đủ chứng từ | 29,4% | tấn",0.4,1,False,False,Sông Hương,6384.0,"Sông Hương | 8,13 | 94 | 12 | Cần theo dõi | 5.914 | 7.068 | B | 6.384 | 24,7% | kWh",0.1,2,False,2727.0,0.42716165413533835,11
B-train-00932-q01,argmin,Đà Nẵng,1352.0,"15.195 | 6,0% | 917 | 1 | 11/03/2026 | B | 1.352 | lượt | 2.561 | 3.930 | Điều chỉnh kỳ sau | 7.985",0.46153846153846156,1,True,False,Mức A | ưu tiên,2231.0,"Mức A | ưu tiên | 14.166 | 5,7% | 829 | 6 | 03/07/2026 | A Đã đối chiếu | 2.231 | triệu đồng | 5.829 | 3.085 | Điều chỉnh kỳ sau | 393",0.07692307692307693,1,False,879.0,0.393993724787091,14
B-train-00932-q10,argmax,Ốm đau,9833.0,"Ốm đau | 123 | 14 Đã đối chiếu | 1.107 | 19,2% | B | 4.640 | triệu đồng | 9.833 | 26/01/2026",0.8571428571428571,3,True,False,Tai nạn lao động,9798.0,"Tai nạn lao động | 1917 | 1810 | 83 | 23.530 | Đã đối chiếu | 37,7% | C | 3.872 | tấn | 9.798 | 04/10/2026",0.6428571428571429,2,False,35.0,0.003572157583180241,15
B-train-00941-q10,argmax,Hải Phòng,73.0,"423 | 73 | 5 | 29 phút | 8.429 | 5.637 | 20/04/2026 | A | kWh | Điều chỉnh kỳ sau | 4,5% | HS0601 | 4.214",0.16666666666666666,1,True,False,Ngoại,61.0,"Ngoại | 337 | 61 | 3 | 17 phút | 1.539 | 5.727 | 27/03/2026 | Cần rà soát | triệu đồng Đã đối chiếu | Chưa đủ chứng từ | 8,8%",0.5833333333333334,1,False,12.0,0.19672131147540983,13
B-train-00943-q02,argmax,Đà Nẵng,114.0,"Cái | 118 | 114 | 35 | 197 | 21,2% | 5.534 | 6.093 | Chưa đủ chứng từ | 4.359 | 21/03/2026",0.42857142857142855,1,True,False,VT158,107.0,"VT158 | Bàn làm việc | Hộp | 30 | 107 | 63 Đã đối chiếu | 74 | 9,5% | 4.032 | 7.993 | Không phát sinh | 9.751 | 22/11/2026",0.21428571428571427,1,False,7.0,0.06542056074766354,15
B-train-00951-q08,argmax,GT18,2070.0,GT18 | Hợp tác xã Thành Công | 2.070 | 2.050 | Đang thực hiện | Không phát sinh | 02/10/2026 | tấn | 3.047 | HS6945,0.9473684210526315,3,True,False,GT47,1900.0,GT47 | Công ty Đông Á | 1.900 | 1.840 | Chờ nghiệm thu | Điều chỉnh kỳ sau | 27/02/2026 | kWh | 4.174 | HS9139,0.8947368421052632,1,False,170.0,0.08947368421052632,20
B-train-00953-q07,argmax,Đồng Nai,9428.0,"19 | 380 | 85,7% | 61.560 | Điều chỉnh giờ | kWh | 5.048 | 18/06/2026 | 4.777 | 9.428 | HS1498",0.6666666666666666,1,True,False,Đà Nẵng – Huế,9215.0,"Đà Nẵng – Huế | 39 | 1.521 | 98,8% | 197.730 | Điều chỉnh giờ | triệu đồng | 287 | Mức A | ưu tiên | 5.188 | 9.215 | HS7998",0.08333333333333333,2,False,213.0,0.02311448724905046,13
B-train-00953-q10,argmin,Đà Nẵng – Huế,1363.0,"Đà Nẵng – Huế | 407 | 91,8% | 79.365 | Điều chỉnh giờ | hồ sơ | 1.579 | 08/10/2026 | 1.363",0.75,2,True,False,Đồng Nai,1751.0,"Đồng Nai | 34 | 782 | 86,1% | 139.978 | lượt | 2.871 | 21/06/2026 | 8.718 | 1.751 | HS4314",0.5833333333333334,1,False,388.0,0.22158766419189035,13
B-train-00958-q01,argmax,Hà Nội,100.0,"12A | 29 | 29 | 100,0% | 6.074 | triệu đồng | B | 6.765",0.35714285714285715,1,True,False,THPT Trần Phú,97.9,"THPT Trần Phú | 12C | 48 | 97,9% | 1.004 | 3.063 | triệu đồng | A | 07/05/2026 | 8.198",0.8571428571428571,3,False,2.0999999999999943,0.021450459652706786,15
B-train-00964-q08,argmin,Thai sản,1615.0,"Thai sản | 95 | 9 | 1.615 | 15,9% | B | 22/09/2026 | 9.809",0.8666666666666667,1,False,True,Thất nghiệp,2950.0,"Thất nghiệp | 635 | 590 | 27 | 2.950 | lượt | 16,7% | A | 03/04/2026 | 7.880",0.4,3,False,1335.0,0.45254237288135596,16
B-train-00970-q10,argmax,Đà Nẵng – Huế,283680.0,Đà Nẵng – Huế | 1.440 | 283.680 | Tăng chuyến | Cần rà soát | 4.980 | hồ sơ | 4.726,0.7647058823529411,5,True,False,TP.HCM – Cần Thơ,279930.0,"TP.HCM – Cần Thơ | 43 | 1.333 | 84,1% | 279.930 | Tăng chuyến | C | 1.671 | lượt | 7.538",0.8235294117647058,4,False,3750.0,0.013396206194405744,18
B-train-00972-q07,argmin,Hà Nội Đã đối chiếu,100.0,Hà Nội Đã đối chiếu | Lúa | 100 | 700 | Ổn định | tấn | 5.432 | 1.994 | 7.818 | Đã kiểm tra,0.0,1,False,False,Khánh Hòa,107.0,Khánh Hòa | Xoài | 107 | 963 | Tăng nhẹ | tấn | 4.360 | 9.638 | 7.355 | 8.078 | 27/12/2026,0.7692307692307693,2,False,7.0,0.06542056074766354,14
B-train-00973-q06,argmin,Hà Nội,1140.0,"22.790 | 11.647 | 51,1% | Thủ tục | 7.379 | Đã đối chiếu | 1.140 | kWh | 28/08/2026 | 9.057 | C | HS8623 | 19,1%",0.7333333333333333,1,True,False,Cầu Đông Thành,2344.0,"Cầu Đông Thành | 16.720 | 8.115 | 48,5% | Vật liệu | 154 | Điều chỉnh kỳ sau | 2.344 | hồ sơ | 04/04/2026 | 9.493 | C | HS2599 | 10,4%",1.0,2,False,1204.0,0.5136518771331058,16
B-train-00973-q10,argmax,Đồng Nai,8717.0,"6,52 | 18 | 20 | Chấp nhận | C | HS1862 | 8.717 | 8.208 | Chưa đủ chứng từ | tấn | 7.611",0.4,1,True,False,Sông Hồng,8684.0,"Sông Hồng | 7,46 | 64 | 25 | Cần theo dõi | B | HS5914 | 8.684 | 3.719 | Điều chỉnh kỳ sau | Đã kiểm tra",0.0,3,False,33.0,0.003800092123445417,11
B-train-00991-q09,argmin,Lâm Đồng,1366.0,"123 | 22 Đã đối chiếu | 6 | 42 phút | Điều chỉnh kỳ sau | 6.438 | tấn | 1.366 | HS1711 | 22,7% | 8.158 Đã đối chiếu | 407",0.9333333333333333,1,True,False,Nội tổng hợp,1635.0,"Nội tổng hợp | 483 | 92 | 5 | 14 phút | Đã đối chiếu | tấn | 1.635 | HS6154 | 12,7% | 5.421 | 3.215",0.0,3,False,269.0,0.16452599388379205,16
B-train-00995-q07,argmax,Lâm Đồng,9300.0,"3.020 | 9.300 | 7,3% | 26/02/2026 | 4.699 | 1,4% | Không phát sinh | 7.516 | HS0169",0.1111111111111111,1,True,False,Hải Phòng 02,8200.0,Hải Phòng 02 | 5.150 | 8.200 | 20/02/2026 | 8.490 | Không phát sinh | 4.986 | Mức A | ưu tiên,0.6666666666666666,1,False,1100.0,0.13414634146341464,10
B-train-01015-q07,argmin,Hà Nội – Hải Phòng,30888.0,"Hà Nội – Hải Phòng | 297 | 83,2% | 30.888 | Bình thường | 2.147 | HS2870",1.0,4,True,False,Nha Trang – Đà Lạt,43232.0,"Nha Trang – Đà Lạt | 8 | 224 | 92,0% | 43.232 | Tăng chuyến | 4.408 | HS9734",0.9166666666666666,3,False,12344.0,0.28552923760177645,13
B-train-01017-q05,argmin,Đà Nẵng,902.0,2350 | 2261 | 89 | 18.088 | 902 | 4.494 | HS2689,0.42857142857142855,1,True,False,Thai sản,2309.0,Thai sản | 1399 | 1336 | 62 | 6.680 | 2.309 | 7.887 | 2.748 | HS8494,0.21428571428571427,3,False,1407.0,0.6093546990038978,15
B-train-01019-q04,argmax,THPT Trần Phú,97.3,"THPT Trần Phú | 12C | 36 | 97,3% | 27/01/2026 | 10,5% | Không phát sinh | 4.539",0.4666666666666667,2,False,False,THPT Nguyễn Trãi,94.4,"THPT Nguyễn Trãi | 12A | 36 | 34 | 94,4% | 15/02/2026 | 27,6% | Điều chỉnh kỳ sau | 999",0.6666666666666666,4,False,2.8999999999999915,0.030720338983050755,16
B-train-01022-q10,argmax,Đà Nẵng 01,10290.0,"Đà Nẵng 01 | 10.290 | 130 | 12,4% | C | 2.537",0.6363636363636364,2,True,False,Hải Phòng 02,9960.0,"Hải Phòng 02 | 5.270 | 9.960 | 80 | 0,3% | B | 4.830",0.09090909090909091,3,False,330.0,0.03313253012048193,12
B-train-01035-q03,argmax,Ngoại,463.0,"Ngoại | 463 | 16 | 39 phút | 36,5% | tấn | 5.108 | HS8428",0.7,2,True,False,Miền Bắc,440.0,"Miền Bắc | 440 | 23 | 10 | 74 phút | 32,1% | lượt | 4.469 | HS7343",0.2,1,True,23.0,0.05227272727272727,11
B-train-01041-q04,argmin,Hải Phòng,246.0,291 | 246 | 27 | 738 | 4.912 | Đã đối chiếu | HS0301 | 5.067,0.11764705882352941,1,True,False,Thai sản,296.0,Thai sản | 311 | 296 | 14 | 592 | 9.203 | Không phát sinh | HS7818 | 2.635,0.17647058823529413,3,False,50.0,0.16891891891891891,18
B-train-01049-q01,argmin,Tai Mũi Họng Đã đối chiếu,8.9,"Tai Mũi Họng Đã đối chiếu | 379 | 45 | 11 | 75 phút | 4.382 | Đã đối chiếu | HS9106 | 8,9%",0.7142857142857143,1,False,False,Nội tổng hợp,13.7,"Nội tổng hợp | 115 | 15 | 9 | 66 phút | 7.571 | Chưa đủ chứng từ | HS4763 | 13,7%",0.0,2,False,4.799999999999999,0.3503649635036496,8
B-train-01050-q05,argmax,Hà Nội 01,8390.0,"Hà Nội 01 | 8.390 | 540 | -1,6% | 7.200 | 1.752 | HS9298 | C | 01/01/2026 | 7.305 | Đã đối chiếu",0.95,4,True,False,Hải Phòng 02,8270.0,"Hải Phòng 02 | 8.370 | 8.270 | 520 | 12,6% | 488 | 4.964 | HS1206 | 09/09/2026 | 1.355 | Không phát sinh",0.25,5,False,120.0,0.014510278113663845,21
B-train-01052-q08,argmin,Đồng bằng sông Cửu Long,78.8,"6433 | 78,8% | 41 | 360.248 | 23,0% | 9.359 | 9.267",0.45454545454545453,1,True,False,Kho Cần Thơ,80.4,"Kho Cần Thơ | 498 | 80,4% | 389 | 10.458 | 37,9% | 2.670 | 9.149 | 720 | lượt | 3.173",0.7272727272727273,2,False,1.6000000000000085,0.019900497512437915,12
B-train-01055-q04,argmin,Trạm Tây Đô,1.5,"Trạm Tây Đô | 5.918 Đã đối chiếu | 1,5% | 897 | 7 | 5.803 | Chưa đủ chứng từ",0.7272727272727273,2,True,False,Trạm 220kV Trung,2.3,"Trạm 220kV Trung | 8.646 | 2,3% | 250 | 6.771 | Chưa đủ chứng từ | HS9167 | 37,7%",0.09090909090909091,2,False,0.7999999999999998,0.3478260869565217,12
B-train-01057-q09,argmax,Đà Nẵng – Huế,1848.0,"Đà Nẵng – Huế | 1.848 | 83,2% | 321.552 | Điều chỉnh giờ | 3.591 | 4.420 | 6.715 | A | HS9734",1.0,4,True,False,Nha Trang – Đà Lạt,1200.0,"Nha Trang – Đà Lạt | 40 | 1.200 | 90,5% | 198.000 | Điều chỉnh giờ | 1.170 | 7.864 | 522 | C | HS2245",0.8823529411764706,4,False,648.0,0.54,18
B-train-01061-q01,argmin,Lâm Đồng,4.1,"Mức A | ưu tiên | 53 | 46 Đã đối chiếu | Vượt ngưỡng | 6.720 | Cần rà soát | kWh | Điều chỉnh kỳ sau | 4,1% | 6.342",0.5833333333333334,1,False,False,Hồ Xuân Hương,7.3,"Hồ Xuân Hương | 6,10 | 56 | 34 | Tốt | 8.852 | B | hồ sơ | Đã đối chiếu | 3.799 | 7,3% | 9.054",1.0,2,False,3.2,0.4383561643835617,13
B-train-01064-q09,argmin,Miền Bắc,525.0,"35 | 525 | 232 | 44,2% | 8.070 | 1.640 | 8.775 | Chưa đủ chứng từ | HS9517 | 23,3%",0.7692307692307693,1,True,False,Tài sản,1032.0,"Tài sản | 172 | 1.032 | 329 | 31,9% | 694 | 7.317 | 8.142 | Chưa đủ chứng từ | Đã kiểm tra",0.5384615384615384,3,False,507.0,0.49127906976744184,14
B-train-01069-q02,argmax,Lâm Đồng,36.4,"5.169 | 3.017 | 24.558 | 83,2% | 3.033 | 36,4% | kWh | 4.294 | 3.800",0.5,1,True,False,Đà Lạt,27.2,"Đà Lạt | 18.537 | 3.359 | 43.792 | 81,2% | 6.923 | 27,2% | lượt | 918 | 3.286",1.0,3,False,9.2,0.338235294117647,13
B-train-01069-q03,argmax,Lâm Đồng,8923.0,"9.400 | 9.100 | 330 | 8,3% | 8.923 | 511 | 13/12/2026 | Đã kiểm tra",0.5555555555555556,1,True,False,Đà Nẵng 01,8711.0,"Đà Nẵng 01 | 4.580 | 6.050 | 290 | 12,7% | 8.711 | 8.029 | 19/05/2026 | Điều chỉnh kỳ sau",0.2222222222222222,2,False,212.0,0.02433704511537137,10
B-train-01071-q08,argmin,Hải Phòng,696.0,"Hải Phòng | 232 | 696 | Tăng nhẹ | 5.667 | HS3519 | 10,0% | hồ sơ | B",0.1,3,False,False,Cần Thơ,714.0,"Cần Thơ | Rau màu | 102 | 714 | Theo dõi sâu bệnh | 9.441 | 7.217 | HS4215 | 31,5% | hồ sơ | B",0.5,1,False,18.0,0.025210084033613446,11
B-train-01075-q09,argmin,Hành chính,781.0,"Hành chính | 43 | 0 | +4 | 6.076 | 3.495 | 3,0% | 781 | 23/10/2026 | Cần rà soát",0.9090909090909091,2,True,True,Kế toán,1468.0,"Kế toán | 27 | 22 | 5 | -5 Đã đối chiếu | 5.339 | 1.694 | 11,9% | 1.468 | 20/12/2026 | B",0.6363636363636364,1,False,687.0,0.46798365122615804,12
B-train-01078-q02,argmin,Lâm Đồng,4.7,"18.207 | 2.018 | 121.350 | 92,4% | 6.564 | 4,7% | 9.193 | 7.163",0.7,1,True,False,Nha Trang,10.1,"Nha Trang | 4.332 | 2.519 | 41.106 | 63,9% | B | lượt | 9.075 | 10,1% | 1.547 | 4.967",0.8,2,False,5.3999999999999995,0.5346534653465346,11
B-train-01083-q09,argmin,Mắt,1152.0,"Mắt | 103 Đã đối chiếu | 13 | 5 | 61 phút | 1.152 | 37,5% | Đã đối chiếu | Cần rà soát",0.05,4,False,False,Tai Mũi Họng,1283.0,"Tai Mũi Họng | 285 | 27 | 8 | 60 phút | 1.283 | 8,4% | Điều chỉnh kỳ sau | A Đã đối chiếu",0.7,3,False,131.0,0.10210444271239283,21
B-train-01092-q09,argmin,Đà Nẵng,1.1,"Công ty Đông Á | 1.950 | 1.750 | Đã duyệt | 1,1% | kWh | 8.289 | HS7698 | Đã đối chiếu | 26/01/2026",0.5,1,True,False,GT77,6.5,"GT77 | Hợp tác xã Thành Công | 2.020 | Đã duyệt | 9.440 | 6,5% | triệu đồng | 1.381 | HS8399 | 10/08/2026",1.0,1,False,5.4,0.8307692307692308,13
B-train-01094-q05,argmin,Cần Thơ,2202.0,Cần Thơ | 49 | 294 | Đạt kế hoạch | HS8570 | 05/07/2026 | kWh | 2.097 | 8.334 | 4.279 | 2.202,0.9047619047619048,3,True,False,Lâm Đồng,2261.0,Lâm Đồng | Rau màu | 813 | 5.691 | HS7775 | 28/01/2026 | hồ sơ | 3.028 | 4.183 | 1.324 | 2.261,0.9523809523809523,3,False,59.0,0.026094648385670056,22
B-train-01098-q01,argmax,Lâm Đồng,9611.0,Xoài | 264 Đã đối chiếu | 2.112 | Đạt kế hoạch | 6.221 | 3.626 | hồ sơ | HS0578 | 9.611 | Đã kiểm tra,0.2857142857142857,3,True,False,Hà Nội,9230.0,"Hà Nội | Cà phê | 554 | 2.216 | Đạt kế hoạch | 2.879 | 6.710 | hồ sơ | HS0204 | 9.230 | Không phát sinh | 19/03/2026 | 34,6%",0.5,2,False,381.0,0.041278439869989164,15
